submission_id,submitted_at,assignment_id,user_id,cave_id,image_id,image_path_original,image_path_upscaled,image_used_path,image_selected_index,use_original,image_description,image_author,lat_input,lon_input,lat_db,lon_db,realScale_m,declination_deg,skipNorth,proj4def,points_canvas_json,points_orig_json,A,D,B,E,C,F,worldfile_ext,worldfile_text,gdal_cmd_standard,pixels_per_meter,north_deg,convergence_deg,total_deg,grid_cell_distance_m,grid_points_canvas_json,grid_points_orig_json,grid_point_count,has_grid,grid_note,app_version,client_time_iso,tz,user_agent,screen_w,screen_h,submit_type,skip_reason,freeform_comment,errors_json
SUB_1768925957209_9064,2026-01-20T16:19:15.200Z,A_1768925785229_7388,3ea9e2b6-0cdf-4192-ac17-e8aaedeb5d83,T.D-08.42,631,caves/001131/image_631_zoom_10.jpg,caves_mono/001131/image_631_zoom_10.tif,caves_mono/001131/image_631_zoom_10.tif,0,FALSE,plan i przekrój,Luty Izabella,49.247444,19.864231,49.24744444423252,19.8642305554284,1,0,TRUE,"+proj=tmerc +lat_0=0 +lon_0=19 +k=0.9993 +x_0=500000 +y_0=-5300000 +ellps=GRS80 +towgs84=0,0,0,0,0,0,0 +units=m +no_defs","[{""x"":259.92319348270155,""y"":506.298411404947},{""x"":462.12071271147755,""y"":313.65319336427746},{""x"":540.3593622516,""y"":314.33650035383585}]","[{""x"":259.92319348270155,""y"":506.298411404947},{""x"":462.12071271147755,""y"":313.65319336427746},{""x"":540.3593622516,""y"":314.33650035383585}]",0.01278008492677106,-0.00014603704870017387,-0.00014603704870017387,-0.01278008492677106,562875.8332506804,153692.16771448698,tfw,"0.0127800849
-0.0001460370
-0.0001460370
-0.0127800849
562875.833251
153692.167714","gdal_translate -of GTiff -a_srs EPSG:2180 -co COMPRESS=DEFLATE -co PREDICTOR=2 -co TILED=YES ""T.D-08.42.tif"" ""T.D-08.42_georef.tif""",78.24163335657103,0,-0.6546859769485401,-0.6546859769485401,5,"[{""x"":258.97029864761606,""y"":505.6158012748401},{""x"":644.4507463121685,""y"":505.6158012748401},{""x"":260.0769110443019,""y"":891.2921158606478},{""x"":645.7431433065212,""y"":891.2848759622098}]","[{""x"":258.97029864761606,""y"":505.6158012748401},{""x"":644.4507463121685,""y"":505.6158012748401},{""x"":260.0769110443019,""y"":891.2921158606478},{""x"":645.7431433065212,""y"":891.2848759622098}]",4,TRUE,,1.0.0-crowdsource,2026-01-20T16:19:15.200Z,Europe/Warsaw,"Mozilla/5.0 (Macintosh; Intel Mac OS X 10_15_7) AppleWebKit/537.36 (KHTML, like Gecko) Chrome/143.0.0.0 Safari/537.36",1512,982,NORMAL,,,
SUB_1768926156910_8871,2026-01-20T16:22:35.013Z,A_1768926058525_6461,3ea9e2b6-0cdf-4192-ac17-e8aaedeb5d83,T.E-11.56,1042,caves/001524/image_1042_zoom_10.jpg,caves_mono/001524/image_1042_zoom_10.tif,caves_mono/001524/image_1042_zoom_10.tif,0,FALSE,plan,Luty Izabella,49.244364,19.910311,49.244363888634574,19.910311110814412,1,0,TRUE,"+proj=tmerc +lat_0=0 +lon_0=19 +k=0.9993 +x_0=500000 +y_0=-5300000 +ellps=GRS80 +towgs84=0,0,0,0,0,0,0 +units=m +no_defs","[{""x"":117.67170127911248,""y"":524.6807228915662},{""x"":709.2440237515766,""y"":336.5481927710843},{""x"":785.5422208195799,""y"":338.6385542168674}]","[{""x"":117.67170127911248,""y"":524.6807228915662},{""x"":709.2440237515766,""y"":336.5481927710843},{""x"":785.5422208195799,""y"":338.6385542168674}]",0.013100604610740552,-0.00015767489331839545,-0.00015767489331839545,-0.013100604610740552,566234.3566321989,153389.5896983668,tfw,"0.0131006046
-0.0001576749
-0.0001576749
-0.0131006046
566234.356632
153389.589698","gdal_translate -of GTiff -a_srs EPSG:2180 -co COMPRESS=DEFLATE -co PREDICTOR=2 -co TILED=YES ""T.E-11.56.tif"" ""T.E-11.56_georef.tif""",76.32682678326074,0,-0.6895612842217278,-0.6895612842217278,5,"[{""x"":116.62652049735901,""y"":523.6355421686746},{""x"":504.38859052789644,""y"":522.5903614457831},{""x"":503.343409746143,""y"":140.05421686746988},{""x"":117.67170127911248,""y"":139.0090361445783}]","[{""x"":116.62652049735901,""y"":523.6355421686746},{""x"":504.38859052789644,""y"":522.5903614457831},{""x"":503.343409746143,""y"":140.05421686746988},{""x"":117.67170127911248,""y"":139.0090361445783}]",4,TRUE,,1.0.0-crowdsource,2026-01-20T16:22:35.013Z,Europe/Warsaw,"Mozilla/5.0 (Macintosh; Intel Mac OS X 10_15_7) AppleWebKit/537.36 (KHTML, like Gecko) Chrome/143.0.0.0 Safari/537.36",1512,982,NORMAL,,,
SUB_1768926859238_6544,2026-01-20T16:34:16.405Z,A_1768926493007_4036,0fb97216-4f82-4d04-81fd-ee6a889fca85,T.B-14.03,493,caves/001020/image_493_zoom_10.jpg,caves_mono/001020/image_493_zoom_10.tif,caves_mono/001020/image_493_zoom_10.tif,0,FALSE,plan,Dudziński Krzysztof,49.271722,19.943056,49.27172222243415,19.943055555555556,15,0,TRUE,"+proj=tmerc +lat_0=0 +lon_0=19 +k=0.9993 +x_0=500000 +y_0=-5300000 +ellps=GRS80 +towgs84=0,0,0,0,0,0,0 +units=m +no_defs","[{""x"":1245.4032475481351,""y"":4033.768702108474},{""x"":258.5048808837636,""y"":4025.9633504246885},{""x"":260.29020924626525,""y"":1090.5079680172719}]","[{""x"":1245.4032475481351,""y"":4033.768702108474},{""x"":258.5048808837636,""y"":4025.9633504246885},{""x"":260.29020924626525,""y"":1090.5079680172719}]",0.005109541259839156,-0.00006373544079578292,-0.00006373544079578292,-0.005109541259839156,568574.3421303094,156473.00252444905,tfw,"0.0051095413
-0.0000637354
-0.0000637354
-0.0051095413
568574.342130
156473.002524","gdal_translate -of GTiff -a_srs EPSG:2180 -co COMPRESS=DEFLATE -co PREDICTOR=2 -co TILED=YES ""T.B-14.03.tif"" ""T.B-14.03_georef.tif""",195.69706168806513,0,-0.7146595349253589,-0.7146595349253589,5,"[{""x"":261.1570605264023,""y"":3047.602246179623},{""x"":258.83612219703394,""y"":2066.128788728499},{""x"":1242.6272965949977,""y"":1091.3647199814943},{""x"":2220.390596051957,""y"":1089.6990244170538},{""x"":2220.627275664112,""y"":2066.3079148164747},{""x"":1241.109284173733,""y"":2067.316687193758},{""x"":1241.9077201149457,""y"":3044.6243767391275},{""x"":2221.530893807709,""y"":3047.412002665125},{""x"":2220.9005508020505,""y"":4026.271936364103},{""x"":259.3460876536344,""y"":4026.2283430694374},{""x"":1241.753326198955,""y"":4025.248874239161},{""x"":259.7843674350938,""y"":1090.26085147644}]","[{""x"":261.1570605264023,""y"":3047.602246179623},{""x"":258.83612219703394,""y"":2066.128788728499},{""x"":1242.6272965949977,""y"":1091.3647199814943},{""x"":2220.390596051957,""y"":1089.6990244170538},{""x"":2220.627275664112,""y"":2066.3079148164747},{""x"":1241.109284173733,""y"":2067.316687193758},{""x"":1241.9077201149457,""y"":3044.6243767391275},{""x"":2221.530893807709,""y"":3047.412002665125},{""x"":2220.9005508020505,""y"":4026.271936364103},{""x"":259.3460876536344,""y"":4026.2283430694374},{""x"":1241.753326198955,""y"":4025.248874239161},{""x"":259.7843674350938,""y"":1090.26085147644}]",12,TRUE,,1.0.0-crowdsource,2026-01-20T16:34:16.406Z,Europe/Warsaw,"Mozilla/5.0 (Windows NT 10.0; Win64; x64) AppleWebKit/537.36 (KHTML, like Gecko) Chrome/143.0.0.0 Safari/537.36",1920,1080,NORMAL,,,
SUB_1768928432067_2832,2026-01-20T17:00:30.067Z,A_1768928201481_4729,0fb97216-4f82-4d04-81fd-ee6a889fca85,T.D-08.51,641,caves/001141/image_641_zoom_10.jpg,caves_mono/001141/image_641_zoom_10.tif,caves_mono/001141/image_641_zoom_10.tif,0,FALSE,plan,Luty Izabella,49.249697,19.866556,49.24969722217984,19.8665555551317,10,0,TRUE,"+proj=tmerc +lat_0=0 +lon_0=19 +k=0.9993 +x_0=500000 +y_0=-5300000 +ellps=GRS80 +towgs84=0,0,0,0,0,0,0 +units=m +no_defs","[{""x"":149.03681787938262,""y"":945.8034214832234},{""x"":535.0887571112411,""y"":945.6538078741532},{""x"":534.6514956279251,""y"":178.89177390296155}]","[{""x"":149.03681787938262,""y"":945.8034214832234},{""x"":535.0887571112411,""y"":945.6538078741532},{""x"":534.6514956279251,""y"":178.89177390296155}]",0.013040997807017047,-0.00014942447603172093,-0.00014942447603172093,-0.013040997807017047,563043.5686448881,153950.33812609653,tfw,"0.0130409978
-0.0001494245
-0.0001494245
-0.0130409978
563043.568645
153950.338126","gdal_translate -of GTiff -a_srs EPSG:2180 -co COMPRESS=DEFLATE -co PREDICTOR=2 -co TILED=YES ""T.D-08.51.tif"" ""T.D-08.51_georef.tif""",76.67621586497626,0,-0.6564694912296546,-0.6564694912296546,5,"[{""x"":149.05577277746897,""y"":562.6314646171053},{""x"":149.1333639194692,""y"":178.45099845214497},{""x"":534.9144144515758,""y"":178.83982648600266},{""x"":535.160429165474,""y"":562.9138406412837},{""x"":534.9207712561894,""y"":946.040049031906}]","[{""x"":149.05577277746897,""y"":562.6314646171053},{""x"":149.1333639194692,""y"":178.45099845214497},{""x"":534.9144144515758,""y"":178.83982648600266},{""x"":535.160429165474,""y"":562.9138406412837},{""x"":534.9207712561894,""y"":946.040049031906}]",5,TRUE,,1.0.0-crowdsource,2026-01-20T17:00:30.067Z,Europe/Warsaw,"Mozilla/5.0 (Windows NT 10.0; Win64; x64) AppleWebKit/537.36 (KHTML, like Gecko) Chrome/143.0.0.0 Safari/537.36",1920,1080,NORMAL,,,
SUB_1768928497874_7410,2026-01-20T17:01:34.032Z,A_1768928440189_3350,0fb97216-4f82-4d04-81fd-ee6a889fca85,T.E-08.65,12254,caves/004208/image_12254_zoom_10.jpg,caves_mono/004208/image_12254_zoom_10.tif,caves_mono/004208/image_12254_zoom_10.tif,0,FALSE,plan,Nowak Jakub,49.238419,19.862219,49.2384194442961,19.862219444910686,2,0,TRUE,"+proj=tmerc +lat_0=0 +lon_0=19 +k=0.9993 +x_0=500000 +y_0=-5300000 +ellps=GRS80 +towgs84=0,0,0,0,0,0,0 +units=m +no_defs","[{""x"":1223.8683586876432,""y"":1443.2394854774973},{""x"":1873.0068807908074,""y"":3949.4696144243194},{""x"":2349.415054738114,""y"":3954.3475136336756}]","[{""x"":1223.8683586876432,""y"":1443.2394854774973},{""x"":1873.0068807908074,""y"":3949.4696144243194},{""x"":2349.415054738114,""y"":3954.3475136336756}]",0.00419758805553484,-0.00004784734227057093,-0.00004784734227057093,-0.00419758805553484,562739.0609361915,152687.11393943962,tfw,"0.0041975881
-0.0000478473
-0.0000478473
-0.0041975881
562739.060936
152687.113939","gdal_translate -of GTiff -a_srs EPSG:2180 -co COMPRESS=DEFLATE -co PREDICTOR=2 -co TILED=YES ""T.E-08.65.tif"" ""T.E-08.65_georef.tif""",238.21657273608398,0,-0.6530731486700848,-0.6530731486700848,5,[],[],0,FALSE,Brak siatki na planie,1.0.0-crowdsource,2026-01-20T17:01:34.033Z,Europe/Warsaw,"Mozilla/5.0 (Windows NT 10.0; Win64; x64) AppleWebKit/537.36 (KHTML, like Gecko) Chrome/143.0.0.0 Safari/537.36",1920,1080,NORMAL,,,
SUB_1768928553455_6090,2026-01-20T17:02:30.864Z,A_1768928504858_7380,0fb97216-4f82-4d04-81fd-ee6a889fca85,T.E-10.02,947,caves/001448/image_947_zoom_10.jpg,caves_mono/001448/image_947_zoom_10.tif,caves_mono/001448/image_947_zoom_10.tif,0,FALSE,plan i przekrój,"Luty Izabella, Czerny Aleksander",49.243939,19.895653,49.24393888897366,19.895652777353924,2,0,TRUE,"+proj=tmerc +lat_0=0 +lon_0=19 +k=0.9993 +x_0=500000 +y_0=-5300000 +ellps=GRS80 +towgs84=0,0,0,0,0,0,0 +units=m +no_defs","[{""x"":173.02651740962733,""y"":518.9501044584152},{""x"":147.47455280703215,""y"":1035.1601472811576},{""x"":301.22470520882126,""y"":1035.1601472811576}]","[{""x"":173.02651740962733,""y"":518.9501044584152},{""x"":147.47455280703215,""y"":1035.1601472811576},{""x"":301.22470520882126,""y"":1035.1601472811576}]",0.013007205230418206,-0.00015402873435432313,-0.00015402873435432313,-0.013007205230418206,565167.675344009,153329.5085223099,tfw,"0.0130072052
-0.0001540287
-0.0001540287
-0.0130072052
565167.675344
153329.508522","gdal_translate -of GTiff -a_srs EPSG:2180 -co COMPRESS=DEFLATE -co PREDICTOR=2 -co TILED=YES ""T.E-10.02.tif"" ""T.E-10.02_georef.tif""",76.87507620089455,0,-0.6784535007080332,-0.6784535007080332,5,[],[],0,FALSE,Brak siatki na planie,1.0.0-crowdsource,2026-01-20T17:02:30.864Z,Europe/Warsaw,"Mozilla/5.0 (Windows NT 10.0; Win64; x64) AppleWebKit/537.36 (KHTML, like Gecko) Chrome/143.0.0.0 Safari/537.36",1920,1080,NORMAL,,,
SUB_1768928723906_9578,2026-01-20T17:05:21.726Z,A_1768928558899_612,0fb97216-4f82-4d04-81fd-ee6a889fca85,T.D-05.01,546,caves/000981/image_546_zoom_10.jpg,caves_mono/000981/image_546_zoom_10.tif,caves_mono/000981/image_546_zoom_10.tif,0,FALSE,plan,Kardaś Regina,49.250192,19.815269,49.250191666666005,19.815269444783528,30,0,TRUE,"+proj=tmerc +lat_0=0 +lon_0=19 +k=0.9993 +x_0=500000 +y_0=-5300000 +ellps=GRS80 +towgs84=0,0,0,0,0,0,0 +units=m +no_defs","[{""x"":788.9209810235357,""y"":2307.397782401903},{""x"":788.1314355002501,""y"":3290.766267381956},{""x"":3729.0231690567875,""y"":3290.222335229968}]","[{""x"":788.9209810235357,""y"":2307.397782401903},{""x"":788.1314355002501,""y"":3290.766267381956},{""x"":3729.0231690567875,""y"":3290.222335229968}]",0.010200394727407166,-0.00010995962327227447,-0.00010995962327227447,-0.010200394727407166,559305.6905985826,153975.1272464692,tfw,"0.0102003947
-0.0001099596
-0.0001099596
-0.0102003947
559305.690599
153975.127246","gdal_translate -of GTiff -a_srs EPSG:2180 -co COMPRESS=DEFLATE -co PREDICTOR=2 -co TILED=YES ""T.D-05.01.tif"" ""T.D-05.01_georef.tif""",98.02972612859928,0,-0.6176210305851726,-0.6176210305851726,10,"[{""x"":788.1817839960557,""y"":347.9349850620713},{""x"":1767.483006233055,""y"":346.70985555633666},{""x"":2749.129432906858,""y"":347.7644742868088},{""x"":3727.9846840101804,""y"":347.7644742868088},{""x"":3729.572701023659,""y"":1330.0985466067423},{""x"":3728.799048442018,""y"":2311.0626208977674},{""x"":2749.19491807016,""y"":2311.5230865299704},{""x"":3728.3913022200245,""y"":3291.4268066459185},{""x"":2749.5066011410704,""y"":3290.355143299203},{""x"":1767.5228562066081,""y"":3290.9294649772955}]","[{""x"":788.1817839960557,""y"":347.9349850620713},{""x"":1767.483006233055,""y"":346.70985555633666},{""x"":2749.129432906858,""y"":347.7644742868088},{""x"":3727.9846840101804,""y"":347.7644742868088},{""x"":3729.572701023659,""y"":1330.0985466067423},{""x"":3728.799048442018,""y"":2311.0626208977674},{""x"":2749.19491807016,""y"":2311.5230865299704},{""x"":3728.3913022200245,""y"":3291.4268066459185},{""x"":2749.5066011410704,""y"":3290.355143299203},{""x"":1767.5228562066081,""y"":3290.9294649772955}]",10,TRUE,,1.0.0-crowdsource,2026-01-20T17:05:21.727Z,Europe/Warsaw,"Mozilla/5.0 (Windows NT 10.0; Win64; x64) AppleWebKit/537.36 (KHTML, like Gecko) Chrome/143.0.0.0 Safari/537.36",1920,1080,NORMAL,,,
SUB_1768940419698_7950,2026-01-20T20:20:17.887Z,A_1768940366969_3993,3ea9e2b6-0cdf-4192-ac17-e8aaedeb5d83,T.D-08.68,4526,caves/004487/image_4526_zoom_10.jpg,caves_mono/004487/image_4526_zoom_10.tif,caves_mono/004487/image_4526_zoom_10.tif,0,FALSE,plan,Luty Izabella,49.245611,19.866194,49.245611111323036,19.86619444423252,2,0,TRUE,"+proj=tmerc +lat_0=0 +lon_0=19 +k=0.9993 +x_0=500000 +y_0=-5300000 +ellps=GRS80 +towgs84=0,0,0,0,0,0,0 +units=m +no_defs","[{""x"":371.22288843846036,""y"":408.5422062280684},{""x"":65.62045050072065,""y"":804.2169413938353},{""x"":179.81925625640233,""y"":805.825375276623}]","[{""x"":371.22288843846036,""y"":408.5422062280684},{""x"":65.62045050072065,""y"":804.2169413938353},{""x"":179.81925625640233,""y"":805.825375276623}]",0.017510432859694045,-0.00020053936350382707,-0.00020053936350382707,-0.017510432859694045,563017.8168316791,153490.8112362768,tfw,"0.0175104329
-0.0002005394
-0.0002005394
-0.0175104329
563017.816832
153490.811236","gdal_translate -of GTiff -a_srs EPSG:2180 -co COMPRESS=DEFLATE -co PREDICTOR=2 -co TILED=YES ""T.D-08.68.tif"" ""T.D-08.68_georef.tif""",57.10506609658029,0,-0.656154929834193,-0.656154929834193,0,[],[],0,FALSE,Brak siatki na planie,1.0.0-crowdsource,2026-01-20T20:20:17.888Z,Europe/Warsaw,"Mozilla/5.0 (Macintosh; Intel Mac OS X 10_15_7) AppleWebKit/537.36 (KHTML, like Gecko) Chrome/143.0.0.0 Safari/537.36",1512,982,NORMAL,,,
SUB_1768940461456_9222,2026-01-20T20:20:59.735Z,A_1768940426024_463,3ea9e2b6-0cdf-4192-ac17-e8aaedeb5d83,T.E-07.06,773,caves/001296/image_773_zoom_10.jpg,caves_mono/001296/image_773_zoom_10.tif,caves_mono/001296/image_773_zoom_10.tif,0,FALSE,plan i przekrój,Kardaś Rafał M.,49.242253,19.842156,49.24225277794732,19.842155555619133,1,0,TRUE,"+proj=tmerc +lat_0=0 +lon_0=19 +k=0.9993 +x_0=500000 +y_0=-5300000 +ellps=GRS80 +towgs84=0,0,0,0,0,0,0 +units=m +no_defs","[{""x"":267.92905709037865,""y"":202.33967445148602},{""x"":533.3899528233933,""y"":503.37044650309485},{""x"":610.764597850097,""y"":503.7516024498556}]","[{""x"":267.92905709037865,""y"":202.33967445148602},{""x"":533.3899528233933,""y"":503.37044650309485},{""x"":610.764597850097,""y"":503.7516024498556}]",0.012923172551466066,-0.000143888568424174,-0.000143888568424174,-0.012923172551466066,561275.9721480118,153093.29259011906,tfw,"0.0129231726
-0.0001438886
-0.0001438886
-0.0129231726
561275.972148
153093.292590","gdal_translate -of GTiff -a_srs EPSG:2180 -co COMPRESS=DEFLATE -co PREDICTOR=2 -co TILED=YES ""T.E-07.06.tif"" ""T.E-07.06_georef.tif""",77.37558382890657,0,-0.6379135624055372,-0.6379135624055372,0,[],[],0,FALSE,Brak siatki na planie,1.0.0-crowdsource,2026-01-20T20:20:59.735Z,Europe/Warsaw,"Mozilla/5.0 (Macintosh; Intel Mac OS X 10_15_7) AppleWebKit/537.36 (KHTML, like Gecko) Chrome/143.0.0.0 Safari/537.36",1512,982,NORMAL,,,
SUB_1768940566072_7989,2026-01-20T20:22:44.313Z,A_1768940507395_1827,3ea9e2b6-0cdf-4192-ac17-e8aaedeb5d83,T.C-05.07,4283,caves/004266/image_4283_zoom_10.jpg,caves_mono/004266/image_4283_zoom_10.tif,caves_mono/004266/image_4283_zoom_10.tif,0,FALSE,plan,Kardaś Rafał M.,49.252939,19.820217,49.252938888867696,19.820216666592493,1,0,TRUE,"+proj=tmerc +lat_0=0 +lon_0=19 +k=0.9993 +x_0=500000 +y_0=-5300000 +ellps=GRS80 +towgs84=0,0,0,0,0,0,0 +units=m +no_defs","[{""x"":1316.7590557185545,""y"":2144.8192771084337},{""x"":313.9813779549932,""y"":1882.9971102666643},{""x"":589.5864560084478,""y"":1881.9551250736904}]","[{""x"":1316.7590557185545,""y"":2144.8192771084337},{""x"":313.9813779549932,""y"":1882.9971102666643},{""x"":589.5864560084478,""y"":1881.9551250736904}]",0.003628140852719287,-0.000039350149630723564,-0.000039350149630723564,-0.003628140852719287,559665.4596429804,154268.51818552855,tfw,"0.0036281409
-0.0000393501
-0.0000393501
-0.0036281409
559665.459643
154268.518186","gdal_translate -of GTiff -a_srs EPSG:2180 -co COMPRESS=DEFLATE -co PREDICTOR=2 -co TILED=YES ""T.C-05.07.tif"" ""T.C-05.07_georef.tif""",275.60704777271786,0,-0.6213951416817438,-0.6213951416817438,5,"[{""x"":1313.5279190632775,""y"":782.3978182829399},{""x"":2670.0301742506686,""y"":783.6018296924096},{""x"":1315.9952622724747,""y"":2145.3075301711924}]","[{""x"":1313.5279190632775,""y"":782.3978182829399},{""x"":2670.0301742506686,""y"":783.6018296924096},{""x"":1315.9952622724747,""y"":2145.3075301711924}]",3,TRUE,,1.0.0-crowdsource,2026-01-20T20:22:44.313Z,Europe/Warsaw,"Mozilla/5.0 (Macintosh; Intel Mac OS X 10_15_7) AppleWebKit/537.36 (KHTML, like Gecko) Chrome/143.0.0.0 Safari/537.36",1512,982,NORMAL,,,
SUB_1768940663787_9744,2026-01-20T20:24:22.016Z,A_1768940595120_5485,3ea9e2b6-0cdf-4192-ac17-e8aaedeb5d83,T.D-06.09,556,caves/001079/image_556_zoom_10.jpg,caves_mono/001079/image_556_zoom_10.tif,caves_mono/001079/image_556_zoom_10.tif,0,FALSE,plan,Luty Izabella,49.244167,19.839172,49.244166666666665,19.83917222234938,1,0,TRUE,"+proj=tmerc +lat_0=0 +lon_0=19 +k=0.9993 +x_0=500000 +y_0=-5300000 +ellps=GRS80 +towgs84=0,0,0,0,0,0,0 +units=m +no_defs","[{""x"":309.3713815973867,""y"":547.0441892006198},{""x"":432.00325592686346,""y"":469.90529221330337},{""x"":355.4286837292522,""y"":469.41755609350537}]","[{""x"":309.3713815973867,""y"":547.0441892006198},{""x"":432.00325592686346,""y"":469.90529221330337},{""x"":355.4286837292522,""y"":469.41755609350537}]",0.013058096759201223,-0.00014487980285410334,-0.00014487980285410334,-0.013058096759201223,561055.9566837848,153308.1261225173,tfw,"0.0130580968
-0.0001448798
-0.0001448798
-0.0130580968
561055.956684
153308.126123","gdal_translate -of GTiff -a_srs EPSG:2180 -co COMPRESS=DEFLATE -co PREDICTOR=2 -co TILED=YES ""T.D-06.09.tif"" ""T.D-06.09_georef.tif""",76.57612548157377,0,-0.635671553241469,-0.635671553241469,5,[],[],0,FALSE,Brak siatki na planie,1.0.0-crowdsource,2026-01-20T20:24:22.016Z,Europe/Warsaw,"Mozilla/5.0 (Macintosh; Intel Mac OS X 10_15_7) AppleWebKit/537.36 (KHTML, like Gecko) Chrome/143.0.0.0 Safari/537.36",1512,982,NORMAL,,,
SUB_1769089696310_341,2026-01-22T13:48:14.791Z,A_1769089662835_4105,3ea9e2b6-0cdf-4192-ac17-e8aaedeb5d83,T.C-16.03,537,caves/001065/image_537_zoom_10.jpg,caves_mono/001065/image_537_zoom_10.tif,caves_mono/001065/image_537_zoom_10.tif,0,FALSE,plan,Luty Izabella,49.256361,19.966567,49.25636111100515,19.966566666497123,1,0,TRUE,"+proj=tmerc +lat_0=0 +lon_0=19 +k=0.9993 +x_0=500000 +y_0=-5300000 +ellps=GRS80 +towgs84=0,0,0,0,0,0,0 +units=m +no_defs","[{""x"":427.416754738785,""y"":166.3433190365976},{""x"":30.602550352248002,""y"":360.1150253838751},{""x"":107.85143344202669,""y"":359.5671609752968}]","[{""x"":427.416754738785,""y"":166.3433190365976},{""x"":30.602550352248002,""y"":360.1150253838751},{""x"":107.85143344202669,""y"":359.5671609752968}]",0.012943788120565472,-0.00016544582384823487,-0.00016544582384823487,-0.012943788120565472,570306.4990571765,154768.9901522517,tfw,"0.0129437881
-0.0001654458
-0.0001654458
-0.0129437881
570306.499057
154768.990152","gdal_translate -of GTiff -a_srs EPSG:2180 -co COMPRESS=DEFLATE -co PREDICTOR=2 -co TILED=YES ""T.C-16.03.tif"" ""T.C-16.03_georef.tif""",77.25082584690264,0,-0.7323073565154796,-0.7323073565154796,0,[],[],0,FALSE,Brak siatki na planie,1.0.0-crowdsource,2026-01-22T13:48:14.791Z,Europe/Stockholm,"Mozilla/5.0 (Macintosh; Intel Mac OS X 10_15_7) AppleWebKit/537.36 (KHTML, like Gecko) Chrome/144.0.0.0 Safari/537.36",2560,1440,NORMAL,,,
SUB_1769093182964_2324,2026-01-22T14:46:21.454Z,A_1769093041796_6156,3ea9e2b6-0cdf-4192-ac17-e8aaedeb5d83,T.E-08.27,867,caves/001364/image_867_zoom_10.jpg,caves_mono/001364/image_867_zoom_10.tif,caves_mono/001364/image_867_zoom_10.tif,0,FALSE,plan i przekrój,"Nowak Jakub, Kardaś Rafał M.",49.238317,19.864111,49.23831666681502,19.864111110899184,2,0,TRUE,"+proj=tmerc +lat_0=0 +lon_0=19 +k=0.9993 +x_0=500000 +y_0=-5300000 +ellps=GRS80 +towgs84=0,0,0,0,0,0,0 +units=m +no_defs","[{""x"":597.8171097006147,""y"":1644.871924533622},{""x"":165.37713764975604,""y"":1519.4257602566734},{""x"":243.35613290485082,""y"":1519.8465102546459}]","[{""x"":597.8171097006147,""y"":1644.871924533622},{""x"":165.37713764975604,""y"":1519.4257602566734},{""x"":243.35613290485082,""y"":1519.8465102546459}]",0.02564588570155382,-0.000292972641944619,-0.000292972641944619,-0.02564588570155382,562867.0893385082,152713.59202171554,tfw,"0.0256458857
-0.0002929726
-0.0002929726
-0.0256458857
562867.089339
152713.592022","gdal_translate -of GTiff -a_srs EPSG:2180 -co COMPRESS=DEFLATE -co PREDICTOR=2 -co TILED=YES ""T.E-08.27.tif"" ""T.E-08.27_georef.tif""",38.99006518189887,0,-0.6545052075697534,-0.6545052075697534,10,"[{""x"":648.1485000448295,""y"":1469.655640893046},{""x"":648.5611755076646,""y"":1083.8040736263335},{""x"":1034.0000577956557,""y"":1083.8040736263335},{""x"":1034.7184120745546,""y"":1470.1182264656786},{""x"":1419.4514964711445,""y"":1083.400464898725},{""x"":1806.4253235235412,""y"":1082.711181036935},{""x"":1806.4253235235412,""y"":697.3604571040087},{""x"":1419.75187510719,""y"":696.91955238555},{""x"":1033.078426690839,""y"":696.91955238555},{""x"":1033.5902445772936,""y"":311.9131175582646},{""x"":1419.7860163189087,""y"":311.9131173870389},{""x"":1806.6149145200031,""y"":311.9131173870389}]","[{""x"":648.1485000448295,""y"":1469.655640893046},{""x"":648.5611755076646,""y"":1083.8040736263335},{""x"":1034.0000577956557,""y"":1083.8040736263335},{""x"":1034.7184120745546,""y"":1470.1182264656786},{""x"":1419.4514964711445,""y"":1083.400464898725},{""x"":1806.4253235235412,""y"":1082.711181036935},{""x"":1806.4253235235412,""y"":697.3604571040087},{""x"":1419.75187510719,""y"":696.91955238555},{""x"":1033.078426690839,""y"":696.91955238555},{""x"":1033.5902445772936,""y"":311.9131175582646},{""x"":1419.7860163189087,""y"":311.9131173870389},{""x"":1806.6149145200031,""y"":311.9131173870389}]",12,TRUE,,1.0.0-crowdsource,2026-01-22T14:46:21.454Z,Europe/Stockholm,"Mozilla/5.0 (Macintosh; Intel Mac OS X 10_15_7) AppleWebKit/537.36 (KHTML, like Gecko) Chrome/144.0.0.0 Safari/537.36",2560,1440,NORMAL,,,
SUB_1769107394402_5158,2026-01-22T18:43:11.513Z,A_1769107102858_6192,60ca6cf8-01a0-48b2-9993-92e622759eeb,T.B-09.04,455,caves/000970/image_455_zoom_10.jpg,caves_mono/000970/image_455_zoom_10.tif,caves_mono/000970/image_455_zoom_10.tif,0,FALSE,plan,Kowalski Kazimierz,49.267219,19.880869,49.26721944444709,19.880869444741144,10,0,TRUE,"+proj=tmerc +lat_0=0 +lon_0=19 +k=0.9993 +x_0=500000 +y_0=-5300000 +ellps=GRS80 +towgs84=0,0,0,0,0,0,0 +units=m +no_defs","[{""x"":220.25598788095178,""y"":283.0287975168626},{""x"":605.9557145563566,""y"":284.59447376218645},{""x"":606.1047197650792,""y"":666.8520159301564}]","[{""x"":220.25598788095178,""y"":283.0287975168626},{""x"":605.9557145563566,""y"":284.59447376218645},{""x"":606.1047197650792,""y"":666.8520159301564}]",0.02615859609762486,-0.00030475798544693115,-0.00030475798544693115,-0.02615859609762486,564058.3262373413,155904.7895991599,tfw,"0.0261585961
-0.0003047580
-0.0003047580
-0.0261585961
564058.326237
155904.789599","gdal_translate -of GTiff -a_srs EPSG:2180 -co COMPRESS=DEFLATE -co PREDICTOR=2 -co TILED=YES ""T.B-09.04.tif"" ""T.B-09.04_georef.tif""",38.22575712093216,0,-0.6674882825789082,-0.6674882825789082,10,"[{""x"":606.1044061149405,""y"":666.5764392220786},{""x"":606.1967962570698,""y"":284.784336531926}]","[{""x"":606.1044061149405,""y"":666.5764392220786},{""x"":606.1967962570698,""y"":284.784336531926}]",2,TRUE,,1.0.0-crowdsource,2026-01-22T18:43:11.513Z,Europe/Warsaw,"Mozilla/5.0 (Windows NT 10.0; Win64; x64) AppleWebKit/537.36 (KHTML, like Gecko) Chrome/109.0.0.0 Safari/537.36",1280,720,NORMAL,,,
SUB_1769107568048_3073,2026-01-22T18:46:06.127Z,A_1769107468062_7859,60ca6cf8-01a0-48b2-9993-92e622759eeb,T.E-08.59,939,caves/001435/image_939_zoom_10.jpg,caves_mono/001435/image_939_zoom_10.tif,caves_mono/001435/image_939_zoom_10.tif,0,FALSE,plan,Luty Izabella,49.241908,19.856117,49.24190833356646,19.856116666793824,5,0,TRUE,"+proj=tmerc +lat_0=0 +lon_0=19 +k=0.9993 +x_0=500000 +y_0=-5300000 +ellps=GRS80 +towgs84=0,0,0,0,0,0,0 +units=m +no_defs","[{""x"":703.0664531881386,""y"":232.89963236771126},{""x"":317.09345897122995,""y"":617.2265245158388},{""x"":703.0989694366913,""y"":616.5824260082809}]","[{""x"":703.0664531881386,""y"":232.89963236771126},{""x"":317.09345897122995,""y"":617.2265245158388},{""x"":703.0989694366913,""y"":616.5824260082809}]",0.012952335272915285,-0.00014660343491438132,-0.00014660343491438132,-0.012952335272915285,562286.6272399647,153066.8222005101,tfw,"0.0129523353
-0.0001466034
-0.0001466034
-0.0129523353
562286.627240
153066.822201","gdal_translate -of GTiff -a_srs EPSG:2180 -co COMPRESS=DEFLATE -co PREDICTOR=2 -co TILED=YES ""T.E-08.59.tif"" ""T.E-08.59_georef.tif""",77.20120956891512,0,-0.6484853293335783,-0.6484853293335783,10,[],[],0,FALSE,Brak siatki na planie,1.0.0-crowdsource,2026-01-22T18:46:06.127Z,Europe/Warsaw,"Mozilla/5.0 (Windows NT 10.0; Win64; x64) AppleWebKit/537.36 (KHTML, like Gecko) Chrome/109.0.0.0 Safari/537.36",1280,720,NORMAL,,,
SUB_1769107704019_7682,2026-01-22T18:48:21.638Z,A_1769107573758_6997,60ca6cf8-01a0-48b2-9993-92e622759eeb,T.F-10.17,1235,caves/001726/image_1235_zoom_10.jpg,caves_mono/001726/image_1235_zoom_10.tif,caves_mono/001726/image_1235_zoom_10.tif,0,FALSE,plan i przekrój,Luty Izabella,49.230336,19.8959,49.2303361108568,19.89590000046624,1,0,TRUE,"+proj=tmerc +lat_0=0 +lon_0=19 +k=0.9993 +x_0=500000 +y_0=-5300000 +ellps=GRS80 +towgs84=0,0,0,0,0,0,0 +units=m +no_defs","[{""x"":267.7472325036567,""y"":1053.7592791953382},{""x"":950.76204549234,""y"":939.5599132950845},{""x"":1147.012147280395,""y"":940.6192931135243}]","[{""x"":267.7472325036567,""y"":1053.7592791953382},{""x"":950.76204549234,""y"":939.5599132950845},{""x"":1147.012147280395,""y"":940.6192931135243}]",0.005095107241789098,-0.00006033953423459802,-0.00006033953423459802,-0.005095107241789098,565204.4232019003,151816.56729716822,tfw,"0.0050951072
-0.0000603395
-0.0000603395
-0.0050951072
565204.423202
151816.567297","gdal_translate -of GTiff -a_srs EPSG:2180 -co COMPRESS=DEFLATE -co PREDICTOR=2 -co TILED=YES ""T.F-10.17.tif"" ""T.F-10.17_georef.tif""",196.25296109211115,0,-0.6785017227182996,-0.6785017227182996,10,[],[],0,FALSE,Brak siatki na planie,1.0.0-crowdsource,2026-01-22T18:48:21.638Z,Europe/Warsaw,"Mozilla/5.0 (Windows NT 10.0; Win64; x64) AppleWebKit/537.36 (KHTML, like Gecko) Chrome/109.0.0.0 Safari/537.36",1280,720,NORMAL,,,
SUB_1769107988216_3607,2026-01-22T18:53:06.357Z,A_1769107891263_1465,60ca6cf8-01a0-48b2-9993-92e622759eeb,T.E-11.04,976,caves/001471/image_976_zoom_10.jpg,caves_mono/001471/image_976_zoom_10.tif,caves_mono/001471/image_976_zoom_10.tif,0,FALSE,plan,Luty Izabella,49.238189,19.899186,49.238188888761734,19.89918611102634,10,0,TRUE,"+proj=tmerc +lat_0=0 +lon_0=19 +k=0.9993 +x_0=500000 +y_0=-5300000 +ellps=GRS80 +towgs84=0,0,0,0,0,0,0 +units=m +no_defs","[{""x"":720.5182215787142,""y"":962.3271022196087},{""x"":134.30313527143954,""y"":962.3398757827296},{""x"":134.36999880042185,""y"":379.20481762518045}]","[{""x"":720.5182215787142,""y"":962.3271022196087},{""x"":134.30313527143954,""y"":962.3398757827296},{""x"":134.36999880042185,""y"":379.20481762518045}]",0.017147474341307194,-0.00020384039765736504,-0.00020384039765736504,-0.017147474341307194,565422.3504906353,152703.4066923919,tfw,"0.0171474743
-0.0002038404
-0.0002038404
-0.0171474743
565422.350491
152703.406692","gdal_translate -of GTiff -a_srs EPSG:2180 -co COMPRESS=DEFLATE -co PREDICTOR=2 -co TILED=YES ""T.E-11.04.tif"" ""T.E-11.04_georef.tif""",58.31350619909076,0,-0.6810708187099959,-0.6810708187099959,5,"[{""x"":134.36999880042185,""y"":379.31537074655125},{""x"":428.0940106971365,""y"":379.0433933908539},{""x"":720.0582337693528,""y"":670.7955287058932},{""x"":426.4945171700759,""y"":962.7306525776035},{""x"":134.475627737305,""y"":962.5565775316803},{""x"":134.10300002123319,""y"":669.1362531104077}]","[{""x"":134.36999880042185,""y"":379.31537074655125},{""x"":428.0940106971365,""y"":379.0433933908539},{""x"":720.0582337693528,""y"":670.7955287058932},{""x"":426.4945171700759,""y"":962.7306525776035},{""x"":134.475627737305,""y"":962.5565775316803},{""x"":134.10300002123319,""y"":669.1362531104077}]",6,TRUE,,1.0.0-crowdsource,2026-01-22T18:53:06.358Z,Europe/Warsaw,"Mozilla/5.0 (Windows NT 10.0; Win64; x64) AppleWebKit/537.36 (KHTML, like Gecko) Chrome/109.0.0.0 Safari/537.36",1280,720,NORMAL,,,
SUB_1769108176193_4847,2026-01-22T18:56:13.709Z,A_1769107993977_7017,60ca6cf8-01a0-48b2-9993-92e622759eeb,T.E-07.17,816,caves/001312/image_816_zoom_10.jpg,caves_mono/001312/image_816_zoom_10.tif,caves_mono/001312/image_816_zoom_10.tif,0,FALSE,plan i przekrój,Kardaś Michał,49.243075,19.849719,49.24307499991523,19.849719444910683,10,0,TRUE,"+proj=tmerc +lat_0=0 +lon_0=19 +k=0.9993 +x_0=500000 +y_0=-5300000 +ellps=GRS80 +towgs84=0,0,0,0,0,0,0 +units=m +no_defs","[{""x"":918.9549857435012,""y"":894.5320159457042},{""x"":146.8763960887179,""y"":507.6861805598544},{""x"":919.017354673969,""y"":507.87552418241864}]","[{""x"":918.9549857435012,""y"":894.5320159457042},{""x"":146.8763960887179,""y"":507.6861805598544},{""x"":919.017354673969,""y"":507.87552418241864}]",0.012950185586659982,-0.00014548613862589864,-0.00014548613862589864,-0.012950185586659982,561816.9238558759,153199.86502222833,tfw,"0.0129501856
-0.0001454861
-0.0001454861
-0.0129501856
561816.923856
153199.865022","gdal_translate -of GTiff -a_srs EPSG:2180 -co COMPRESS=DEFLATE -co PREDICTOR=2 -co TILED=YES ""T.E-07.17.tif"" ""T.E-07.17_georef.tif""",77.21409818005762,0,-0.6436503175241473,-0.6436503175241473,5,"[{""x"":147.19781740802236,""y"":892.6602955525826},{""x"":533.0320614468574,""y"":892.6706350794977},{""x"":532.9597464257606,""y"":507.47998776796356},{""x"":919.2012519974568,""y"":507.3975478448021},{""x"":146.95184430158338,""y"":507.77934888594297}]","[{""x"":147.19781740802236,""y"":892.6602955525826},{""x"":533.0320614468574,""y"":892.6706350794977},{""x"":532.9597464257606,""y"":507.47998776796356},{""x"":919.2012519974568,""y"":507.3975478448021},{""x"":146.95184430158338,""y"":507.77934888594297}]",5,TRUE,,1.0.0-crowdsource,2026-01-22T18:56:13.709Z,Europe/Warsaw,"Mozilla/5.0 (Windows NT 10.0; Win64; x64) AppleWebKit/537.36 (KHTML, like Gecko) Chrome/109.0.0.0 Safari/537.36",1280,720,NORMAL,,,
SUB_1769108461070_9993,2026-01-22T19:00:58.508Z,A_1769108182676_4422,60ca6cf8-01a0-48b2-9993-92e622759eeb,T.E-09.12,944,caves/001445/image_944_zoom_10.jpg,caves_mono/001445/image_944_zoom_10.tif,caves_mono/001445/image_944_zoom_10.tif,0,FALSE,plan,Grodzicki Jerzy,49.244386,19.870372,49.24438611136542,19.87037222226461,400,0,TRUE,"+proj=tmerc +lat_0=0 +lon_0=19 +k=0.9993 +x_0=500000 +y_0=-5300000 +ellps=GRS80 +towgs84=0,0,0,0,0,0,0 +units=m +no_defs","[{""x"":340.20456124415637,""y"":2494.2948741362616},{""x"":339.8028830521964,""y"":2492.2864830685285},{""x"":3042.940246191978,""y"":2492.7878852388676}]","[{""x"":594.6775730547853,""y"":4360.027439990185},{""x"":593.9754395752393,""y"":4356.516772403787},{""x"":5319.059550343577,""y"":4357.39322339754}]",0.08464897161869657,-0.0009741063117502945,-0.0009741063117502945,-0.08464897161869657,563283.6978412147,153720.58403578278,tfw,"0.0846489716
-0.0009741063
-0.0009741063
-0.0846489716
563283.697841
153720.584036","gdal_translate -of GTiff -a_srs EPSG:2180 -co COMPRESS=DEFLATE -co PREDICTOR=2 -co TILED=YES ""T.E-09.12.tif"" ""T.E-09.12_georef.tif""",11.812710480135834,0,-0.6593076791107941,-0.6593076791107941,100,"[{""x"":3042.7076452311053,""y"":1819.5809136271214},{""x"":2367.1223998926926,""y"":2492.295716596111},{""x"":1016.0159954309032,""y"":2492.416189331327},{""x"":1015.7693274053048,""y"":1819.5232862355408},{""x"":1691.284557152987,""y"":1819.753939215395},{""x"":5069.262753646953,""y"":1160.4064629241393},{""x"":5745.977139228448,""y"":1160.6078773617119},{""x"":5745.896478203667,""y"":468.2337084539715},{""x"":5069.036158382954,""y"":468.35726093525125}]","[{""x"":5318.652963863971,""y"":3180.627437020208},{""x"":4137.729955012426,""y"":4356.532912610002},{""x"":1775.9959600132188,""y"":4356.743498951159},{""x"":1775.5647843044726,""y"":3180.5267043397253},{""x"":2956.365405903421,""y"":3180.92988574851},{""x"":8861.071293374873,""y"":2028.3904971913953},{""x"":10043.968039371326,""y"":2028.7425696282721},{""x"":10043.82704390001,""y"":818.4725223775421},{""x"":8860.675204853404,""y"":818.6884921148192}]",9,TRUE,,1.0.0-crowdsource,2026-01-22T19:00:58.508Z,Europe/Warsaw,"Mozilla/5.0 (Windows NT 10.0; Win64; x64) AppleWebKit/537.36 (KHTML, like Gecko) Chrome/109.0.0.0 Safari/537.36",1280,720,NORMAL,,,
SUB_1769108582713_3148,2026-01-22T19:03:01.195Z,A_1769108538124_5547,60ca6cf8-01a0-48b2-9993-92e622759eeb,T.F-09.24,1209,caves/001686/image_1209_zoom_10.jpg,caves_mono/001686/image_1209_zoom_10.tif,caves_mono/001686/image_1209_zoom_10.tif,0,FALSE,plan,Luty Izabella,49.23425,19.876781,49.23424999998676,19.87678055551317,1,0,TRUE,"+proj=tmerc +lat_0=0 +lon_0=19 +k=0.9993 +x_0=500000 +y_0=-5300000 +ellps=GRS80 +towgs84=0,0,0,0,0,0,0 +units=m +no_defs","[{""x"":193.87112273416065,""y"":225.77994145864213},{""x"":20.302994166371224,""y"":346.992656449553},{""x"":97.76723987221295,""y"":346.992656449553}]","[{""x"":193.87112273416065,""y"":225.77994145864213},{""x"":20.302994166371224,""y"":346.992656449553},{""x"":97.76723987221295,""y"":346.992656449553}]",0.012908314370762699,-0.00014961477210867694,-0.00014961477210867694,-0.012908314370762699,563806.7032856101,152232.80208431385,tfw,"0.0129083144
-0.0001496148
-0.0001496148
-0.0129083144
563806.703286
152232.802084","gdal_translate -of GTiff -a_srs EPSG:2180 -co COMPRESS=DEFLATE -co PREDICTOR=2 -co TILED=YES ""T.F-09.24.tif"" ""T.F-09.24_georef.tif""",77.46424570584173,0,-0.6640612327827171,-0.6640612327827171,100,[],[],0,FALSE,Brak siatki na planie,1.0.0-crowdsource,2026-01-22T19:03:01.195Z,Europe/Warsaw,"Mozilla/5.0 (Windows NT 10.0; Win64; x64) AppleWebKit/537.36 (KHTML, like Gecko) Chrome/109.0.0.0 Safari/537.36",1280,720,NORMAL,,,
SUB_1769108650895_6033,2026-01-22T19:04:09.192Z,A_1769108589062_5796,60ca6cf8-01a0-48b2-9993-92e622759eeb,T.D-08.49,639,caves/001139/image_639_zoom_10.jpg,caves_mono/001139/image_639_zoom_10.tif,caves_mono/001139/image_639_zoom_10.tif,0,FALSE,plan,Luty Izabella,49.251489,19.866597,49.25148888892598,19.866597222222225,10,0,TRUE,"+proj=tmerc +lat_0=0 +lon_0=19 +k=0.9993 +x_0=500000 +y_0=-5300000 +ellps=GRS80 +towgs84=0,0,0,0,0,0,0 +units=m +no_defs","[{""x"":145.50484558021003,""y"":526.886355835851},{""x"":145.49918457311756,""y"":142.35151386545033},{""x"":916.8939183177342,""y"":142.07527449494333}]","[{""x"":145.50484558021003,""y"":526.886355835851},{""x"":145.49918457311756,""y"":142.35151386545033},{""x"":916.8939183177342,""y"":142.07527449494333}]",0.01296267974539222,-0.00014853813454956377,-0.00014853813454956377,-0.01296267974539222,563044.2637884447,154144.02098514122,tfw,"0.0129626797
-0.0001485381
-0.0001485381
-0.0129626797
563044.263788
154144.020985","gdal_translate -of GTiff -a_srs EPSG:2180 -co COMPRESS=DEFLATE -co PREDICTOR=2 -co TILED=YES ""T.D-08.49.tif"" ""T.D-08.49_georef.tif""",77.13947832057966,0,-0.656518243406302,-0.656518243406302,5,"[{""x"":916.7393851839203,""y"":526.7548590194933},{""x"":530.8698555203226,""y"":526.6021380337246},{""x"":145.8202885186423,""y"":142.31695426464813},{""x"":531.1732468218537,""y"":141.86117809252465},{""x"":917.1706947737068,""y"":141.95246066295036}]","[{""x"":916.7393851839203,""y"":526.7548590194933},{""x"":530.8698555203226,""y"":526.6021380337246},{""x"":145.8202885186423,""y"":142.31695426464813},{""x"":531.1732468218537,""y"":141.86117809252465},{""x"":917.1706947737068,""y"":141.95246066295036}]",5,TRUE,,1.0.0-crowdsource,2026-01-22T19:04:09.192Z,Europe/Warsaw,"Mozilla/5.0 (Windows NT 10.0; Win64; x64) AppleWebKit/537.36 (KHTML, like Gecko) Chrome/109.0.0.0 Safari/537.36",1280,720,NORMAL,,,
SUB_1769108708301_6310,2026-01-22T19:05:06.026Z,A_1769108656338_9408,60ca6cf8-01a0-48b2-9993-92e622759eeb,T.D-14.05,698,caves/001218/image_698_zoom_10.jpg,caves_mono/001218/image_698_zoom_10.tif,caves_mono/001218/image_698_zoom_10.tif,0,FALSE,plan,Luty Izabella,49.252156,19.941594,49.25215555561913,19.941594444380865,1,0,TRUE,"+proj=tmerc +lat_0=0 +lon_0=19 +k=0.9993 +x_0=500000 +y_0=-5300000 +ellps=GRS80 +towgs84=0,0,0,0,0,0,0 +units=m +no_defs","[{""x"":231.81918729722656,""y"":194.4429161727646},{""x"":304.0821399868101,""y"":334.58123904698465},{""x"":381.19488393101386,""y"":334.9807869533178}]","[{""x"":231.81918729722656,""y"":194.4429161727646},{""x"":304.0821399868101,""y"":334.58123904698465},{""x"":381.19488393101386,""y"":334.9807869533178}]",0.012966846006425106,-0.00016144768319120904,-0.00016144768319120904,-0.012966846006425106,568498.235322354,154279.08340886293,tfw,"0.0129668460
-0.0001614477
-0.0001614477
-0.0129668460
568498.235322
154279.083409","gdal_translate -of GTiff -a_srs EPSG:2180 -co COMPRESS=DEFLATE -co PREDICTOR=2 -co TILED=YES ""T.D-14.05.tif"" ""T.D-14.05_georef.tif""",77.11377903548619,0,-0.7133417716725267,-0.7133417716725267,5,[],[],0,FALSE,Brak siatki na planie,1.0.0-crowdsource,2026-01-22T19:05:06.026Z,Europe/Warsaw,"Mozilla/5.0 (Windows NT 10.0; Win64; x64) AppleWebKit/537.36 (KHTML, like Gecko) Chrome/109.0.0.0 Safari/537.36",1280,720,NORMAL,,,
SUB_1769108748622_5838,2026-01-22T19:05:45.746Z,A_1769108715208_625,60ca6cf8-01a0-48b2-9993-92e622759eeb,T.L-22.05,1260,caves/001734/image_1260_zoom_10.jpg,caves_mono/001734/image_1260_zoom_10.tif,caves_mono/001734/image_1260_zoom_10.tif,0,FALSE,plan i przekrój,Recielski Krzysztof,49.191472,20.056075,49.19147222201029,20.056075000233122,2,0,TRUE,"+proj=tmerc +lat_0=0 +lon_0=19 +k=0.9993 +x_0=500000 +y_0=-5300000 +ellps=GRS80 +towgs84=0,0,0,0,0,0,0 +units=m +no_defs","[{""x"":237.26214283669628,""y"":180.99734940037598},{""x"":283.2386078426423,""y"":594.5964800261177},{""x"":360.5905125914691,""y"":594.8905937277665}]","[{""x"":237.26214283669628,""y"":180.99734940037598},{""x"":283.2386078426423,""y"":594.5964800261177},{""x"":360.5905125914691,""y"":594.8905937277665}]",0.025853156685140995,-0.00036070413666047135,-0.00036070413666047135,-0.025853156685140995,576917.6734125259,147647.27282845633,tfw,"0.0258531567
-0.0003607041
-0.0003607041
-0.0258531567
576917.673413
147647.272828","gdal_translate -of GTiff -a_srs EPSG:2180 -co COMPRESS=DEFLATE -co PREDICTOR=2 -co TILED=YES ""T.L-22.05.tif"" ""T.L-22.05_georef.tif""",38.676231949160574,0,-0.7993408346803865,-0.7993408346803865,5,[],[],0,FALSE,Brak siatki na planie,1.0.0-crowdsource,2026-01-22T19:05:45.746Z,Europe/Warsaw,"Mozilla/5.0 (Windows NT 10.0; Win64; x64) AppleWebKit/537.36 (KHTML, like Gecko) Chrome/109.0.0.0 Safari/537.36",1280,720,NORMAL,,,
SUB_1769108879242_9492,2026-01-22T19:07:57.089Z,A_1769108767848_227,60ca6cf8-01a0-48b2-9993-92e622759eeb,T.E-09.19,963,caves/001457/image_963_zoom_10.jpg,caves_mono/001457/image_963_zoom_10.tif,caves_mono/001457/image_963_zoom_10.tif,0,FALSE,plan,Kardaś Michał,49.236531,19.869986,49.23653055561913,19.86998611105813,5,0,TRUE,"+proj=tmerc +lat_0=0 +lon_0=19 +k=0.9993 +x_0=500000 +y_0=-5300000 +ellps=GRS80 +towgs84=0,0,0,0,0,0,0 +units=m +no_defs","[{""x"":1183.8048153953828,""y"":489.95152839011234},{""x"":205.06078129584807,""y"":491.4518636189032},{""x"":204.9857013027565,""y"":1465.8230378687983}]","[{""x"":1183.8048153953828,""y"":489.95152839011234},{""x"":205.06078129584807,""y"":491.4518636189032},{""x"":204.9857013027565,""y"":1465.8230378687983}]",0.00513117532604854,-0.00005901433753144182,-0.00005901433753144182,-0.00513117532604854,563305.6994289452,152480.2308390238,tfw,"0.0051311753
-0.0000590143
-0.0000590143
-0.0051311753
563305.699429
152480.230839","gdal_translate -of GTiff -a_srs EPSG:2180 -co COMPRESS=DEFLATE -co PREDICTOR=2 -co TILED=YES ""T.E-09.19.tif"" ""T.E-09.19_georef.tif""",194.87423542850655,0,-0.6589374131900311,-0.6589374131900311,5,"[{""x"":204.9857013027565,""y"":1465.5557250238119},{""x"":205.4893237560351,""y"":491.20712009985965},{""x"":1184.0105781460734,""y"":489.83390629665604},{""x"":1183.914931713734,""y"":1465.4554347868636}]","[{""x"":204.9857013027565,""y"":1465.5557250238119},{""x"":205.4893237560351,""y"":491.20712009985965},{""x"":1184.0105781460734,""y"":489.83390629665604},{""x"":1183.914931713734,""y"":1465.4554347868636}]",4,TRUE,,1.0.0-crowdsource,2026-01-22T19:07:57.089Z,Europe/Warsaw,"Mozilla/5.0 (Windows NT 10.0; Win64; x64) AppleWebKit/537.36 (KHTML, like Gecko) Chrome/109.0.0.0 Safari/537.36",1280,720,NORMAL,,,
SUB_1769109411867_8652,2026-01-22T19:16:49.817Z,A_1769109227377_6038,3ea9e2b6-0cdf-4192-ac17-e8aaedeb5d83,T.E-12.57,1111,caves/001604/image_1111_zoom_10.jpg,caves_mono/001604/image_1111_zoom_10.tif,caves_mono/001604/image_1111_zoom_10.tif,0,FALSE,plan,Zwijacz-Kozica Bartosz,49.245064,19.914781,49.245063888761734,19.914780555301242,2,0,TRUE,"+proj=tmerc +lat_0=0 +lon_0=19 +k=0.9993 +x_0=500000 +y_0=-5300000 +ellps=GRS80 +towgs84=0,0,0,0,0,0,0 +units=m +no_defs","[{""x"":2715.1357393276376,""y"":1793.1715006483644},{""x"":2203.1744208313216,""y"":1405.294365259929},{""x"":2386.817036678508,""y"":1405.6004362611814}]","[{""x"":2895.2397433697042,""y"":1912.1185435247057},{""x"":2349.3183240797994,""y"":1498.512224822171},{""x"":2545.1425667781823,""y"":1498.8385985331731}]",0.010212478922985777,-0.0001235192097016752,-0.0001235192097016752,-0.010212478922985777,566530.784092896,153484.30103970238,tfw,"0.0102124789
-0.0001235192
-0.0001235192
-0.0102124789
566530.784093
153484.301040","gdal_translate -of GTiff -a_srs EPSG:2180 -co COMPRESS=DEFLATE -co PREDICTOR=2 -co TILED=YES ""T.E-12.57.tif"" ""T.E-12.57_georef.tif""",97.91225733813211,0,-0.6929546087948627,-0.6929546087948627,10,"[{""x"":878.2928492661329,""y"":875.9184054347252},{""x"":1796.6130667943687,""y"":875.9184054347252},{""x"":2715.6591405422823,""y"":875.9184054347252},{""x"":4553.539785449257,""y"":876.9066263663743},{""x"":2715.698014565807,""y"":1793.3142414048066},{""x"":878.0319411651328,""y"":2714.021966633036},{""x"":1797.2513349636504,""y"":2714.114547612674},{""x"":2716.186909553543,""y"":2714.399657581877}]","[{""x"":936.5529416007863,""y"":934.0209929952285},{""x"":1915.7884002250619,""y"":934.0209929952285},{""x"":2895.797863531587,""y"":934.0209929952285},{""x"":4855.591257884057,""y"":935.0747659153438},{""x"":2895.8393161986723,""y"":1912.2707527513253},{""x"":936.2747265957532,""y"":2894.0520904196937},{""x"":1916.4690068495725,""y"":2894.1508126043145},{""x"":2896.3606412205945,""y"":2894.4548348681415}]",8,TRUE,,1.0.0-crowdsource,2026-01-22T19:16:49.818Z,Europe/Warsaw,"Mozilla/5.0 (Macintosh; Intel Mac OS X 10_15_7) AppleWebKit/537.36 (KHTML, like Gecko) Chrome/144.0.0.0 Safari/537.36",1512,982,NORMAL,,,
SUB_1769111798431_6052,2026-01-22T19:56:35.565Z,A_1769108894042_2811,60ca6cf8-01a0-48b2-9993-92e622759eeb,T.D-05.08,664,caves/001177/image_664_zoom_10.jpg,caves_mono/001177/image_664_zoom_10.tif,caves_mono/001177/image_664_zoom_10.tif,0,FALSE,plan,Gajewska Agnieszka,49.24785,19.821161,49.24784999953376,19.82116111119588,1,0,TRUE,"+proj=tmerc +lat_0=0 +lon_0=19 +k=0.9993 +x_0=500000 +y_0=-5300000 +ellps=GRS80 +towgs84=0,0,0,0,0,0,0 +units=m +no_defs","[{""x"":145.0585861504252,""y"":231.8481914168643},{""x"":31.118441392923057,""y"":410.84324879209015},{""x"":108.5826982247562,""y"":410.84324879209015}]","[{""x"":145.0585861504252,""y"":231.8481914168643},{""x"":31.118441392923057,""y"":410.84324879209015},{""x"":108.5826982247562,""y"":410.84324879209015}]",0.012908418718392987,-0.00014015275584021886,-0.00014015275584021886,-0.012908418718392987,559743.1282636955,153698.87673865765,tfw,"0.0129084187
-0.0001401528
-0.0001401528
-0.0129084187
559743.128264
153698.876739","gdal_translate -of GTiff -a_srs EPSG:2180 -co COMPRESS=DEFLATE -co PREDICTOR=2 -co TILED=YES ""T.D-05.08.tif"" ""T.D-05.08_georef.tif""",77.46425683183314,0,-0.6220627057470913,-0.6220627057470913,5,[],[],0,FALSE,Brak siatki na planie,1.0.0-crowdsource,2026-01-22T19:56:35.565Z,Europe/Warsaw,"Mozilla/5.0 (Windows NT 10.0; Win64; x64) AppleWebKit/537.36 (KHTML, like Gecko) Chrome/109.0.0.0 Safari/537.36",1280,720,NORMAL,,,
SUB_1769111886060_3460,2026-01-22T19:58:04.392Z,A_1769111810057_4120,60ca6cf8-01a0-48b2-9993-92e622759eeb,T.E-09.21,965,caves/001460/image_965_zoom_10.jpg,caves_mono/001460/image_965_zoom_10.tif,caves_mono/001460/image_965_zoom_10.tif,0,FALSE,plan,Kardaś Rafał M.,49.235767,19.872492,49.23576666673024,19.87249166647593,10,0,TRUE,"+proj=tmerc +lat_0=0 +lon_0=19 +k=0.9993 +x_0=500000 +y_0=-5300000 +ellps=GRS80 +towgs84=0,0,0,0,0,0,0 +units=m +no_defs","[{""x"":2494.964803187148,""y"":582.0890080498183},{""x"":538.2135081374322,""y"":1557.0958405548822},{""x"":2495.020744312661,""y"":1557.787398439281}]","[{""x"":2494.964803187148,""y"":582.0890080498183},{""x"":538.2135081374322,""y"":1557.0958405548822},{""x"":2495.020744312661,""y"":1557.787398439281}]",0.005110025185835376,-0.0000589397148051973,-0.0000589397148051973,-0.005110025185835376,563482.3769755729,152397.96220278522,tfw,"0.0051100252
-0.0000589397
-0.0000589397
-0.0051100252
563482.376976
152397.962203","gdal_translate -of GTiff -a_srs EPSG:2180 -co COMPRESS=DEFLATE -co PREDICTOR=2 -co TILED=YES ""T.E-09.21.tif"" ""T.E-09.21_georef.tif""",195.68073583774273,0,-0.6608278900515139,-0.6608278900515139,5,"[{""x"":2495.1554000130377,""y"":1558.0567098482777},{""x"":1515.611034342806,""y"":1557.9310973070517},{""x"":538.2459482983294,""y"":1557.48343418867},{""x"":537.9686287100299,""y"":581.6868942597135},{""x"":1516.111140655715,""y"":581.7571217768905}]","[{""x"":2495.1554000130377,""y"":1558.0567098482777},{""x"":1515.611034342806,""y"":1557.9310973070517},{""x"":538.2459482983294,""y"":1557.48343418867},{""x"":537.9686287100299,""y"":581.6868942597135},{""x"":1516.111140655715,""y"":581.7571217768905}]",5,TRUE,,1.0.0-crowdsource,2026-01-22T19:58:04.393Z,Europe/Warsaw,"Mozilla/5.0 (Windows NT 10.0; Win64; x64) AppleWebKit/537.36 (KHTML, like Gecko) Chrome/109.0.0.0 Safari/537.36",1280,720,NORMAL,,,
SUB_1769113471249_2672,2026-01-22T20:24:26.917Z,A_1769113140787_5261,60ca6cf8-01a0-48b2-9993-92e622759eeb,T.D-05.14,12255,caves/004392/image_12255_zoom_10.jpg,caves_mono/004392/image_12255_zoom_10.tif,caves_mono/004392/image_12255_zoom_10.tif,0,FALSE,plan,Nowak Jakub,49.246111,19.821,49.24611111111111,19.821000000105965,25,0,TRUE,"+proj=tmerc +lat_0=0 +lon_0=19 +k=0.9993 +x_0=500000 +y_0=-5300000 +ellps=GRS80 +towgs84=0,0,0,0,0,0,0 +units=m +no_defs","[{""x"":399.0721427913803,""y"":482.6175022034711},{""x"":1577.2360765207131,""y"":481.11546727617275},{""x"":1577.5698632715275,""y"":1664.1346013300208}]","[{""x"":399.0721427913803,""y"":482.6175022034711},{""x"":1577.2360765207131,""y"":481.11546727617275},{""x"":1577.5698632715275,""y"":1664.1346013300208}]",0.021131125873183335,-0.00022937955714765615,-0.00022937955714765615,-0.021131125873183335,559727.0303716465,153512.76247036405,tfw,"0.0211311259
-0.0002293796
-0.0002293796
-0.0211311259
559727.030372
153512.762470","gdal_translate -of GTiff -a_srs EPSG:2180 -co COMPRESS=DEFLATE -co PREDICTOR=2 -co TILED=YES ""T.D-05.14.tif"" ""T.D-05.14_georef.tif""",47.32076724570068,0,-0.6219244750066162,-0.6219244750066162,25,"[{""x"":399.40701613046065,""y"":1663.7983900836098},{""x"":1577.5116073173936,""y"":1664.4885479973545},{""x"":1577.6811615233028,""y"":481.5382916888663},{""x"":399.49870217975666,""y"":481.7203403419902}]","[{""x"":399.40701613046065,""y"":1663.7983900836098},{""x"":1577.5116073173936,""y"":1664.4885479973545},{""x"":1577.6811615233028,""y"":481.5382916888663},{""x"":399.49870217975666,""y"":481.7203403419902}]",4,TRUE,,1.0.0-crowdsource,2026-01-22T20:24:26.918Z,Europe/Warsaw,"Mozilla/5.0 (Windows NT 10.0; Win64; x64) AppleWebKit/537.36 (KHTML, like Gecko) Chrome/109.0.0.0 Safari/537.36",1280,720,NORMAL,,,
SUB_1769113804848_2623,2026-01-22T20:30:02.653Z,A_1769113751506_4603,60ca6cf8-01a0-48b2-9993-92e622759eeb,T.E-12.18,1063,caves/001553/image_1063_zoom_10.jpg,caves_mono/001553/image_1063_zoom_10.tif,caves_mono/001553/image_1063_zoom_10.tif,0,FALSE,plan,Luty Izabella,49.244833,19.917031,49.24483333375719,19.91703055553966,1,0,TRUE,"+proj=tmerc +lat_0=0 +lon_0=19 +k=0.9993 +x_0=500000 +y_0=-5300000 +ellps=GRS80 +towgs84=0,0,0,0,0,0,0 +units=m +no_defs","[{""x"":462.11503516185263,""y"":329.7222473512925},{""x"":104.6297531782123,""y"":532.1337996625059},{""x"":181.25759502414297,""y"":532.1337996625059}]","[{""x"":462.11503516185263,""y"":329.7222473512925},{""x"":104.6297531782123,""y"":532.1337996625059},{""x"":181.25759502414297,""y"":532.1337996625059}]",0.013049127844175076,-0.00015821596106185815,-0.00015821596106185815,-0.013049127844175076,566718.1582833523,153445.1021366727,tfw,"0.0130491278
-0.0001582160
-0.0001582160
-0.0130491278
566718.158283
153445.102137","gdal_translate -of GTiff -a_srs EPSG:2180 -co COMPRESS=DEFLATE -co PREDICTOR=2 -co TILED=YES ""T.E-12.18.tif"" ""T.E-12.18_georef.tif""",76.62784184593067,0,-0.6946565898422659,-0.6946565898422659,25,[],[],0,FALSE,Brak siatki na planie,1.0.0-crowdsource,2026-01-22T20:30:02.653Z,Europe/Warsaw,"Mozilla/5.0 (Windows NT 10.0; Win64; x64) AppleWebKit/537.36 (KHTML, like Gecko) Chrome/109.0.0.0 Safari/537.36",1280,720,NORMAL,,,
SUB_1769113866876_7117,2026-01-22T20:31:05.172Z,A_1769113810509_4102,60ca6cf8-01a0-48b2-9993-92e622759eeb,T.E-11.33,1022,caves/001527/image_1022_zoom_10.jpg,caves_mono/001527/image_1022_zoom_10.tif,caves_mono/001527/image_1022_zoom_10.tif,0,FALSE,plan,Kardaś Michał,49.242208,19.905894,49.242208333545264,19.905894444253708,1,0,TRUE,"+proj=tmerc +lat_0=0 +lon_0=19 +k=0.9993 +x_0=500000 +y_0=-5300000 +ellps=GRS80 +towgs84=0,0,0,0,0,0,0 +units=m +no_defs","[{""x"":213.0642423264957,""y"":275.3476581266838},{""x"":25.81309676202028,""y"":448.7564580358893},{""x"":101.835905161026,""y"":448.57012506648755}]","[{""x"":213.0642423264957,""y"":275.3476581266838},{""x"":25.81309676202028,""y"":448.7564580358893},{""x"":101.835905161026,""y"":448.57012506648755}]",0.013152964250754724,-0.0001575317688947705,-0.0001575317688947705,-0.013152964250754724,565914.5416229594,153142.88774827297,tfw,"0.0131529643
-0.0001575318
-0.0001575318
-0.0131529643
565914.541623
153142.887748","gdal_translate -of GTiff -a_srs EPSG:2180 -co COMPRESS=DEFLATE -co PREDICTOR=2 -co TILED=YES ""T.E-11.33.tif"" ""T.E-11.33_georef.tif""",76.02303675102318,0,-0.6861931489147023,-0.6861931489147023,25,[],[],0,FALSE,Brak siatki na planie,1.0.0-crowdsource,2026-01-22T20:31:05.172Z,Europe/Warsaw,"Mozilla/5.0 (Windows NT 10.0; Win64; x64) AppleWebKit/537.36 (KHTML, like Gecko) Chrome/109.0.0.0 Safari/537.36",1280,720,NORMAL,,,
SUB_1769113940644_6051,2026-01-22T20:32:18.844Z,A_1769113904338_7893,60ca6cf8-01a0-48b2-9993-92e622759eeb,T.D-08.22,614,caves/001112/image_614_zoom_10.jpg,caves_mono/001112/image_614_zoom_10.tif,caves_mono/001112/image_614_zoom_10.tif,0,FALSE,plan,Luty Izabella,49.250603,19.862483,49.25060277779897,19.862483332951864,1,0,TRUE,"+proj=tmerc +lat_0=0 +lon_0=19 +k=0.9993 +x_0=500000 +y_0=-5300000 +ellps=GRS80 +towgs84=0,0,0,0,0,0,0 +units=m +no_defs","[{""x"":601.886530071549,""y"":692.4490576731854},{""x"":1189.066932113125,""y"":944.5998980864398},{""x"":1306.962724968576,""y"":944.794124759852}]","[{""x"":601.886530071549,""y"":692.4490576731854},{""x"":1189.066932113125,""y"":944.5998980864398},{""x"":1306.962724968576,""y"":944.794124759852}]",0.008481503839711175,-0.00009672604542653894,-0.00009672604542653894,-0.008481503839711175,562742.8611257813,154041.2136470896,tfw,"0.0084815038
-0.0000967260
-0.0000967260
-0.0084815038
562742.861126
154041.213647","gdal_translate -of GTiff -a_srs EPSG:2180 -co COMPRESS=DEFLATE -co PREDICTOR=2 -co TILED=YES ""T.D-08.22.tif"" ""T.D-08.22_georef.tif""",117.89595284409074,0,-0.6533928455299973,-0.6533928455299973,25,[],[],0,FALSE,Brak siatki na planie,1.0.0-crowdsource,2026-01-22T20:32:18.844Z,Europe/Warsaw,"Mozilla/5.0 (Windows NT 10.0; Win64; x64) AppleWebKit/537.36 (KHTML, like Gecko) Chrome/109.0.0.0 Safari/537.36",1280,720,NORMAL,,,
SUB_1769114032408_2391,2026-01-22T20:33:50.995Z,A_1769113948546_2593,60ca6cf8-01a0-48b2-9993-92e622759eeb,T.E-08.58,938,caves/001434/image_938_zoom_10.jpg,caves_mono/001434/image_938_zoom_10.tif,caves_mono/001434/image_938_zoom_10.tif,0,FALSE,plan,Luty Izabella,49.241953,19.856253,49.241952777968514,19.85625277784136,5,0,TRUE,"+proj=tmerc +lat_0=0 +lon_0=19 +k=0.9993 +x_0=500000 +y_0=-5300000 +ellps=GRS80 +towgs84=0,0,0,0,0,0,0 +units=m +no_defs","[{""x"":375.23325222928906,""y"":230.645187260224},{""x"":374.84823310128564,""y"":613.6694604429599},{""x"":759.7712105413833,""y"":613.9783838187567}]","[{""x"":375.23325222928906,""y"":230.645187260224},{""x"":374.84823310128564,""y"":613.6694604429599},{""x"":759.7712105413833,""y"":613.9783838187567}]",0.012988775234902742,-0.00014703934346728455,-0.00014703934346728455,-0.012988775234902742,562300.698912862,153071.86659307033,tfw,"0.0129887752
-0.0001470393
-0.0001470393
-0.0129887752
562300.698913
153071.866593","gdal_translate -of GTiff -a_srs EPSG:2180 -co COMPRESS=DEFLATE -co PREDICTOR=2 -co TILED=YES ""T.E-08.58.tif"" ""T.E-08.58_georef.tif""",76.98462028093716,0,-0.6485887846848816,-0.6485887846848816,25,[],[],0,FALSE,Brak siatki na planie,1.0.0-crowdsource,2026-01-22T20:33:50.995Z,Europe/Warsaw,"Mozilla/5.0 (Windows NT 10.0; Win64; x64) AppleWebKit/537.36 (KHTML, like Gecko) Chrome/109.0.0.0 Safari/537.36",1280,720,NORMAL,,,
SUB_1769114075582_6681,2026-01-22T20:34:31.051Z,A_1769114038434_6490,60ca6cf8-01a0-48b2-9993-92e622759eeb,T.C-12.03,4307,caves/004288/image_4307_zoom_10.jpg,caves_mono/004288/image_4307_zoom_10.tif,caves_mono/004288/image_4307_zoom_10.tif,0,FALSE,plan i przekrój,Zwijacz-Kozica Bartosz,49.26225,19.92025,49.26224999957614,19.920249999894036,1,0,TRUE,"+proj=tmerc +lat_0=0 +lon_0=19 +k=0.9993 +x_0=500000 +y_0=-5300000 +ellps=GRS80 +towgs84=0,0,0,0,0,0,0 +units=m +no_defs","[{""x"":564.000348937554,""y"":906.4662828961962},{""x"":831.3663187776959,""y"":817.3445207026933},{""x"":949.7314616756755,""y"":817.3445207026933}]","[{""x"":564.000348937554,""y"":906.4662828961962},{""x"":831.3663187776959,""y"":817.3445207026933},{""x"":949.7314616756755,""y"":817.3445207026933}]",0.008447807560068372,-0.00010281311794855941,-0.00010281311794855941,-0.008447807560068372,566930.1246166857,155386.91988320753,tfw,"0.0084478076
-0.0001028131
-0.0001028131
-0.0084478076
566930.124617
155386.919883","gdal_translate -of GTiff -a_srs EPSG:2180 -co COMPRESS=DEFLATE -co PREDICTOR=2 -co TILED=YES ""T.C-12.03.tif"" ""T.C-12.03_georef.tif""",118.36514289797958,0,-0.697277592768813,-0.697277592768813,25,[],[],0,FALSE,Brak siatki na planie,1.0.0-crowdsource,2026-01-22T20:34:31.051Z,Europe/Warsaw,"Mozilla/5.0 (Windows NT 10.0; Win64; x64) AppleWebKit/537.36 (KHTML, like Gecko) Chrome/109.0.0.0 Safari/537.36",1280,720,NORMAL,,,
SUB_1769115721641_4066,2026-01-22T21:01:59.660Z,A_1769114082189_2174,60ca6cf8-01a0-48b2-9993-92e622759eeb,T.F-11.06,1201,caves/001674/image_1201_zoom_10.jpg,caves_mono/001674/image_1201_zoom_10.tif,caves_mono/001674/image_1201_zoom_10.tif,0,FALSE,plan i przekrój,"Młynarski Leszek, Luty Izabella",49.231811,19.909214,49.23181111123827,19.90921388838026,2,0,TRUE,"+proj=tmerc +lat_0=0 +lon_0=19 +k=0.9993 +x_0=500000 +y_0=-5300000 +ellps=GRS80 +towgs84=0,0,0,0,0,0,0 +units=m +no_defs","[{""x"":737.9677657982783,""y"":165.12372423950677},{""x"":91.87716643193365,""y"":440.3552448232466},{""x"":246.15562198770706,""y"":439.35017343506854}]","[{""x"":737.9677657982783,""y"":165.12372423950677},{""x"":91.87716643193365,""y"":440.3552448232466},{""x"":246.15562198770706,""y"":439.35017343506854}]",0.012962361579574021,-0.00015579358905258114,-0.00015579358905258114,-0.012962361579574021,566163.2261764798,151988.92197072206,tfw,"0.0129623616
-0.0001557936
-0.0001557936
-0.0129623616
566163.226176
151988.921971","gdal_translate -of GTiff -a_srs EPSG:2180 -co COMPRESS=DEFLATE -co PREDICTOR=2 -co TILED=YES ""T.F-11.06.tif"" ""T.F-11.06_georef.tif""",77.14086468463081,0,-0.6886002442589348,-0.6886002442589348,25,[],[],0,FALSE,Brak siatki na planie,1.0.0-crowdsource,2026-01-22T21:01:59.660Z,Europe/Warsaw,"Mozilla/5.0 (Windows NT 10.0; Win64; x64) AppleWebKit/537.36 (KHTML, like Gecko) Chrome/109.0.0.0 Safari/537.36",1280,720,NORMAL,,,
SUB_1769115817254_2202,2026-01-22T21:03:35.643Z,A_1769115731239_9200,60ca6cf8-01a0-48b2-9993-92e622759eeb,T.A-06.04,12343,caves/011048/image_12343_zoom_10.jpg,caves_mono/011048/image_12343_zoom_10.tif,caves_mono/011048/image_12343_zoom_10.tif,0,FALSE,plan,Filar Filip,49.276639,19.826722,49.27663888931274,19.82672222243415,1,0,TRUE,"+proj=tmerc +lat_0=0 +lon_0=19 +k=0.9993 +x_0=500000 +y_0=-5300000 +ellps=GRS80 +towgs84=0,0,0,0,0,0,0 +units=m +no_defs","[{""x"":672.0136209660955,""y"":1179.3258230705528},{""x"":899.4712170890454,""y"":2167.930779100637},{""x"":1136.9391798765769,""y"":2168.865696642066}]","[{""x"":672.0136209660955,""y"":1179.3258230705528},{""x"":899.4712170890454,""y"":2167.930779100637},{""x"":1136.9391798765769,""y"":2168.865696642066}]",0.004210809950712877,-0.000046048301004339547,-0.000046048301004339547,-0.004210809950712877,560111.8066994395,156904.7414847727,tfw,"0.0042108100
-0.0000460483
-0.0000460483
-0.0042108100
560111.806699
156904.741485","gdal_translate -of GTiff -a_srs EPSG:2180 -co COMPRESS=DEFLATE -co PREDICTOR=2 -co TILED=YES ""T.A-06.04.tif"" ""T.A-06.04_georef.tif""",237.4698031777298,0,-0.626546475644513,-0.626546475644513,25,[],[],0,FALSE,Brak siatki na planie,1.0.0-crowdsource,2026-01-22T21:03:35.643Z,Europe/Warsaw,"Mozilla/5.0 (Windows NT 10.0; Win64; x64) AppleWebKit/537.36 (KHTML, like Gecko) Chrome/109.0.0.0 Safari/537.36",1280,720,NORMAL,,,
SUB_1769180675685_7474,2026-01-23T15:04:32.158Z,A_1769180354112_2015,60ca6cf8-01a0-48b2-9993-92e622759eeb,T.D-16.01,710,caves/001225/image_710_zoom_10.jpg,caves_mono/001225/image_710_zoom_10.tif,caves_mono/001225/image_710_zoom_10.tif,0,FALSE,plan,Imrich Peter,49.25225,19.972556,49.25225000010597,19.97255555576748,50,0,TRUE,"+proj=tmerc +lat_0=0 +lon_0=19 +k=0.9993 +x_0=500000 +y_0=-5300000 +ellps=GRS80 +towgs84=0,0,0,0,0,0,0 +units=m +no_defs","[{""x"":1882.5897352001507,""y"":1557.758169358281},{""x"":931.2015708706558,""y"":606.1737011161393},{""x"":5688.903443802323,""y"":606.0547527411819}]","[{""x"":2335.666331471654,""y"":1932.6586354505073},{""x"":1155.3107489268602,""y"":752.0595051847569},{""x"":7058.032872610748,""y"":751.911929900893}]",0.00846996771622304,-0.00010892617867490867,-0.00010892617867490867,-0.00846996771622304,570733.9654003833,154332.10253351857,tfw,"0.0084699677
-0.0001089262
-0.0001089262
-0.0084699677
570733.965400
154332.102534","gdal_translate -of GTiff -a_srs EPSG:2180 -co COMPRESS=DEFLATE -co PREDICTOR=2 -co TILED=YES ""T.D-16.01.tif"" ""T.D-16.01_georef.tif""",118.0544425105734,0,-0.7367993007056113,-0.7367993007056113,10,"[{""x"":5688.893093868376,""y"":1557.572964691761},{""x"":4737.862901983141,""y"":605.2495701028324},{""x"":5688.658806283641,""y"":605.7510136115765},{""x"":3783.1022911223317,""y"":605.6586908393002},{""x"":2837.356690225742,""y"":605.7694163284251},{""x"":1883.515044726808,""y"":605.6275139123582},{""x"":931.6307844786509,""y"":605.8154421700427},{""x"":931.1397376545968,""y"":1557.7191884656775},{""x"":931.3336375144419,""y"":2509.9202102513946},{""x"":3782.581170832689,""y"":3460.015080401552},{""x"":4738.157375780696,""y"":3460.2111291287856},{""x"":5689.150309405307,""y"":3460.235193330073},{""x"":5689.209906781493,""y"":2509.717274846238},{""x"":4738.102565951672,""y"":2509.284496284843},{""x"":3782.904628349096,""y"":2509.7364164437963},{""x"":3782.970562671005,""y"":1557.9547602537077},{""x"":4738.15454854212,""y"":1558.1021729315694},{""x"":1883.5237579207303,""y"":2509.5199416504643}]","[{""x"":7058.020031792698,""y"":1932.4288581942446},{""x"":5878.108573727083,""y"":750.9129666409141},{""x"":7057.729358995904,""y"":751.5350908874292},{""x"":4693.568909185773,""y"":751.4205491012918},{""x"":3520.2138670067375,""y"":751.5579225247994},{""x"":2336.8143321577263,""y"":751.3818689272657},{""x"":1155.8432599431794,""y"":751.6150252522997},{""x"":1155.2340345168031,""y"":1932.6102731564172},{""x"":1155.4745996095842,""y"":3113.9743408518966},{""x"":4692.9223726130895,""y"":4292.725376418192},{""x"":5878.473917551917,""y"":4292.968607539114},{""x"":7058.339150535518,""y"":4292.99846319151},{""x"":7058.413091013573,""y"":3113.7225656592327},{""x"":5878.405916824041,""y"":3113.1856317240617},{""x"":4693.323675571779,""y"":3113.74631400127},{""x"":4693.40547808716,""y"":1932.9025392214335},{""x"":5878.470409891257,""y"":1933.0854292171005},{""x"":2336.825142326986,""y"":3113.4777409410094}]",18,TRUE,,1.0.0-crowdsource,2026-01-23T15:04:32.159Z,Europe/Warsaw,"Mozilla/5.0 (Windows NT 10.0; Win64; x64) AppleWebKit/537.36 (KHTML, like Gecko) Chrome/109.0.0.0 Safari/537.36",1280,720,NORMAL,,,
SUB_1769180715122_7281,2026-01-23T15:05:12.045Z,A_1769180691469_5456,60ca6cf8-01a0-48b2-9993-92e622759eeb,T.D-06.03,550,caves/000986/image_550_zoom_10.jpg,caves_mono/000986/image_550_zoom_10.tif,caves_mono/000986/image_550_zoom_10.tif,0,FALSE,plan,Burkacki Mirosław,49.244981,19.8398,49.244980555640325,19.839800000190735,1,0,TRUE,"+proj=tmerc +lat_0=0 +lon_0=19 +k=0.9993 +x_0=500000 +y_0=-5300000 +ellps=GRS80 +towgs84=0,0,0,0,0,0,0 +units=m +no_defs","[{""x"":783.889856891561,""y"":564.204117381594},{""x"":961.2576556998816,""y"":921.4056711249358},{""x"":1157.4992538018923,""y"":920.882360917778}]","[{""x"":783.889856891561,""y"":564.204117381594},{""x"":961.2576556998816,""y"":921.4056711249358},{""x"":1157.4992538018923,""y"":920.882360917778}]",0.00509542735429156,-0.000056576855809044035,-0.000056576855809044035,-0.00509542735429156,561100.6445310594,153394.8281268383,tfw,"0.0050954274
-0.0000565769
-0.0000565769
-0.0050954274
561100.644531
153394.828127","gdal_translate -of GTiff -a_srs EPSG:2180 -co COMPRESS=DEFLATE -co PREDICTOR=2 -co TILED=YES ""T.D-06.03.tif"" ""T.D-06.03_georef.tif""",196.24229584675166,0,-0.6361550512627594,-0.6361550512627594,0,[],[],0,FALSE,Brak siatki na planie,1.0.0-crowdsource,2026-01-23T15:05:12.045Z,Europe/Warsaw,"Mozilla/5.0 (Windows NT 10.0; Win64; x64) AppleWebKit/537.36 (KHTML, like Gecko) Chrome/109.0.0.0 Safari/537.36",1280,720,NORMAL,,,
SUB_1769180862593_5165,2026-01-23T15:07:39.556Z,A_1769180721638_6457,60ca6cf8-01a0-48b2-9993-92e622759eeb,T.D-08.44,634,caves/001133/image_634_zoom_10.jpg,caves_mono/001133/image_634_zoom_10.tif,caves_mono/001133/image_634_zoom_10.tif,0,FALSE,plan i przekrój,Luty Izabella,49.247425,19.863889,49.24742499987284,19.86388888888889,1,0,TRUE,"+proj=tmerc +lat_0=0 +lon_0=19 +k=0.9993 +x_0=500000 +y_0=-5300000 +ellps=GRS80 +towgs84=0,0,0,0,0,0,0 +units=m +no_defs","[{""x"":1439.5071822520545,""y"":838.8564333386664},{""x"":1722.762694891983,""y"":1696.5701662248139},{""x"":1920.1304535882398,""y"":1697.1610873436107}]","[{""x"":1439.5071822520545,""y"":838.8564333386664},{""x"":1722.762694891983,""y"":1696.5701662248139},{""x"":1920.1304535882398,""y"":1697.1610873436107}]",0.005066330466932639,-0.00005786964083850898,-0.00005786964083850898,-0.005066330466932639,562846.9780908366,153687.59659953543,tfw,"0.0050663305
-0.0000578696
-0.0000578696
-0.0050663305
562846.978091
153687.596600","gdal_translate -of GTiff -a_srs EPSG:2180 -co COMPRESS=DEFLATE -co PREDICTOR=2 -co TILED=YES ""T.D-08.44.tif"" ""T.D-08.44_georef.tif""",197.36864330625687,0,-0.6544267126731754,-0.6544267126731754,0,[],[],0,FALSE,Brak siatki na planie,1.0.0-crowdsource,2026-01-23T15:07:39.556Z,Europe/Warsaw,"Mozilla/5.0 (Windows NT 10.0; Win64; x64) AppleWebKit/537.36 (KHTML, like Gecko) Chrome/109.0.0.0 Safari/537.36",1280,720,NORMAL,,,
SUB_1769180968766_3163,2026-01-23T15:09:25.869Z,A_1769180869610_2223,60ca6cf8-01a0-48b2-9993-92e622759eeb,T.D-08.43,633,caves/001132/image_633_zoom_10.jpg,caves_mono/001132/image_633_zoom_10.tif,caves_mono/001132/image_633_zoom_10.tif,0,FALSE,plan,Kowalski Kazimierz,49.247417,19.863956,49.24741666687859,19.863955556021796,2,0,TRUE,"+proj=tmerc +lat_0=0 +lon_0=19 +k=0.9993 +x_0=500000 +y_0=-5300000 +ellps=GRS80 +towgs84=0,0,0,0,0,0,0 +units=m +no_defs","[{""x"":304.8089673519601,""y"":150.50200328545822},{""x"":18.6964568868742,""y"":351.8053771024697},{""x"":96.54764109095431,""y"":352.11929317038164}]","[{""x"":304.8089673519601,""y"":150.50200328545822},{""x"":18.6964568868742,""y"":351.8053771024697},{""x"":96.54764109095431,""y"":352.11929317038164}]",0.025688154701739425,-0.0002934430392172064,-0.0002934430392172064,-0.025688154701739425,562851.321590281,153686.38554061844,tfw,"0.0256881547
-0.0002934430
-0.0002934430
-0.0256881547
562851.321590
153686.385541","gdal_translate -of GTiff -a_srs EPSG:2180 -co COMPRESS=DEFLATE -co PREDICTOR=2 -co TILED=YES ""T.D-08.43.tif"" ""T.D-08.43_georef.tif""",38.925908548405474,0,-0.6544773888143505,-0.6544773888143505,0,[],[],0,FALSE,Brak siatki na planie,1.0.0-crowdsource,2026-01-23T15:09:25.869Z,Europe/Warsaw,"Mozilla/5.0 (Windows NT 10.0; Win64; x64) AppleWebKit/537.36 (KHTML, like Gecko) Chrome/109.0.0.0 Safari/537.36",1280,720,NORMAL,,,
SUB_1769181102558_7771,2026-01-23T15:11:39.435Z,A_1769181050950_1896,60ca6cf8-01a0-48b2-9993-92e622759eeb,T.E-08.28,869,caves/001366/image_869_zoom_10.jpg,caves_mono/001366/image_869_zoom_10.tif,caves_mono/001366/image_869_zoom_10.tif,0,FALSE,plan i przekrój,Czubalski Andrzej,49.239122,19.860892,49.23912222226461,19.860891666412353,1,0,TRUE,"+proj=tmerc +lat_0=0 +lon_0=19 +k=0.9993 +x_0=500000 +y_0=-5300000 +ellps=GRS80 +towgs84=0,0,0,0,0,0,0 +units=m +no_defs","[{""x"":936.8981522397859,""y"":902.0326377386485},{""x"":1433.807610708132,""y"":863.1519761628629},{""x"":1630.3683872159165,""y"":862.8666920177765}]","[{""x"":936.8981522397859,""y"":902.0326377386485},{""x"":1433.807610708132,""y"":863.1519761628629},{""x"":1630.3683872159165,""y"":862.8666920177765}]",0.005087150159656559,-0.00005789861569324052,-0.00005789861569324052,-0.005087150159656559,562641.9606160698,152762.6680383904,tfw,"0.0050871502
-0.0000578986
-0.0000578986
-0.0050871502
562641.960616
152762.668038","gdal_translate -of GTiff -a_srs EPSG:2180 -co COMPRESS=DEFLATE -co PREDICTOR=2 -co TILED=YES ""T.E-08.28.tif"" ""T.E-08.28_georef.tif""",196.56098353535646,0,-0.652074931616408,-0.652074931616408,0,[],[],0,FALSE,Brak siatki na planie,1.0.0-crowdsource,2026-01-23T15:11:39.435Z,Europe/Warsaw,"Mozilla/5.0 (Windows NT 10.0; Win64; x64) AppleWebKit/537.36 (KHTML, like Gecko) Chrome/109.0.0.0 Safari/537.36",1280,720,NORMAL,,,
SUB_1769181172556_1765,2026-01-23T15:12:49.228Z,A_1769181112562_773,60ca6cf8-01a0-48b2-9993-92e622759eeb,T.D-08.52,644,caves/001160/image_644_zoom_10.jpg,caves_mono/001160/image_644_zoom_10.tif,caves_mono/001160/image_644_zoom_10.tif,0,FALSE,plan,Luty Izabella,49.250086,19.866683,49.25008611111177,19.86668333333296,1,0,TRUE,"+proj=tmerc +lat_0=0 +lon_0=19 +k=0.9993 +x_0=500000 +y_0=-5300000 +ellps=GRS80 +towgs84=0,0,0,0,0,0,0 +units=m +no_defs","[{""x"":176.88321264108538,""y"":454.94998255507795},{""x"":454.16247468568724,""y"":416.3607148580523},{""x"":531.7984189295838,""y"":416.3607148580523}]","[{""x"":176.88321264108538,""y"":454.94998255507795},{""x"":454.16247468568724,""y"":416.3607148580523},{""x"":531.7984189295838,""y"":416.3607148580523}]",0.012879785937756327,-0.0001475997954442859,-0.0001475997954442859,-0.012879785937756327,563051.904049524,153987.2047432636,tfw,"0.0128797859
-0.0001475998
-0.0001475998
-0.0128797859
563051.904050
153987.204743","gdal_translate -of GTiff -a_srs EPSG:2180 -co COMPRESS=DEFLATE -co PREDICTOR=2 -co TILED=YES ""T.D-08.52.tif"" ""T.D-08.52_georef.tif""",77.63594424389657,0,-0.6565695425200582,-0.6565695425200582,0,[],[],0,FALSE,Brak siatki na planie,1.0.0-crowdsource,2026-01-23T15:12:49.228Z,Europe/Warsaw,"Mozilla/5.0 (Windows NT 10.0; Win64; x64) AppleWebKit/537.36 (KHTML, like Gecko) Chrome/109.0.0.0 Safari/537.36",1280,720,NORMAL,,,
SUB_1769181330540_3588,2026-01-23T15:15:27.563Z,A_1769181281449_1786,60ca6cf8-01a0-48b2-9993-92e622759eeb,T.D-08.46,636,caves/001135/image_636_zoom_10.jpg,caves_mono/001135/image_636_zoom_10.tif,caves_mono/001135/image_636_zoom_10.tif,0,FALSE,plan,Luty Izabella,49.251439,19.858794,49.25143888884121,19.85879444440206,1,0,TRUE,"+proj=tmerc +lat_0=0 +lon_0=19 +k=0.9993 +x_0=500000 +y_0=-5300000 +ellps=GRS80 +towgs84=0,0,0,0,0,0,0 +units=m +no_defs","[{""x"":367.85061080444876,""y"":1184.9742311959658},{""x"":570.8131140707645,""y"":895.9420336842946},{""x"":767.3404608091455,""y"":895.9420336842946}]","[{""x"":367.85061080444876,""y"":1184.9742311959658},{""x"":570.8131140707645,""y"":895.9420336842946},{""x"":767.3404608091455,""y"":895.9420336842946}]",0.0050880223375801385,-0.000057778110636091076,-0.000057778110636091076,-0.0050880223375801385,562476.6593461366,154131.18737052544,tfw,"0.0050880223
-0.0000577781
-0.0000577781
-0.0050880223
562476.659346
154131.187371","gdal_translate -of GTiff -a_srs EPSG:2180 -co COMPRESS=DEFLATE -co PREDICTOR=2 -co TILED=YES ""T.D-08.46.tif"" ""T.D-08.46_georef.tif""",196.52734673838097,0,-0.6506063422767169,-0.6506063422767169,0,[],[],0,FALSE,Brak siatki na planie,1.0.0-crowdsource,2026-01-23T15:15:27.563Z,Europe/Warsaw,"Mozilla/5.0 (Windows NT 10.0; Win64; x64) AppleWebKit/537.36 (KHTML, like Gecko) Chrome/109.0.0.0 Safari/537.36",1280,720,NORMAL,,,
SUB_1769181372454_2418,2026-01-23T15:16:08.890Z,A_1769181337246_6249,60ca6cf8-01a0-48b2-9993-92e622759eeb,T.E-11.49,1035,caves/001512/image_1035_zoom_10.jpg,caves_mono/001512/image_1035_zoom_10.tif,caves_mono/001512/image_1035_zoom_10.tif,0,FALSE,plan,Luty Izabella,49.243142,19.909514,49.243141667048135,19.90951388888889,1,0,TRUE,"+proj=tmerc +lat_0=0 +lon_0=19 +k=0.9993 +x_0=500000 +y_0=-5300000 +ellps=GRS80 +towgs84=0,0,0,0,0,0,0 +units=m +no_defs","[{""x"":352.8375984891518,""y"":319.1198520980426},{""x"":70.13744608708828,""y"":680.997738519406},{""x"":147.5891457324775,""y"":680.997738519406}]","[{""x"":352.8375984891518,""y"":319.1198520980426},{""x"":70.13744608708828,""y"":680.997738519406},{""x"":147.5891457324775,""y"":680.997738519406}]",0.012910339125826016,-0.00015524600537267718,-0.00015524600537267718,-0.012910339125826016,566174.952504538,153250.36812845373,tfw,"0.0129103391
-0.0001552460
-0.0001552460
-0.0129103391
566174.952505
153250.368128","gdal_translate -of GTiff -a_srs EPSG:2180 -co COMPRESS=DEFLATE -co PREDICTOR=2 -co TILED=YES ""T.E-11.49.tif"" ""T.E-11.49_georef.tif""",77.45169964538923,0,-0.6889448922421549,-0.6889448922421549,0,[],[],0,FALSE,Brak siatki na planie,1.0.0-crowdsource,2026-01-23T15:16:08.890Z,Europe/Warsaw,"Mozilla/5.0 (Windows NT 10.0; Win64; x64) AppleWebKit/537.36 (KHTML, like Gecko) Chrome/109.0.0.0 Safari/537.36",1280,720,NORMAL,,,
SUB_1769181470034_2051,2026-01-23T15:17:46.962Z,A_1769181380200_6461,60ca6cf8-01a0-48b2-9993-92e622759eeb,T.D-10.06,677,caves/001192/image_677_zoom_10.jpg,caves_mono/001192/image_677_zoom_10.tif,caves_mono/001192/image_677_zoom_10.tif,0,FALSE,plan i przekrój,Luty Izabella,49.247581,19.894033,49.24758055580987,19.894033333460488,1,0,TRUE,"+proj=tmerc +lat_0=0 +lon_0=19 +k=0.9993 +x_0=500000 +y_0=-5300000 +ellps=GRS80 +towgs84=0,0,0,0,0,0,0 +units=m +no_defs","[{""x"":199.65480343405653,""y"":219.15535678900702},{""x"":352.3674388147687,""y"":515.8028113954166},{""x"":429.3965981536279,""y"":516.2559240859247}]","[{""x"":199.65480343405653,""y"":219.15535678900702},{""x"":352.3674388147687,""y"":515.8028113954166},{""x"":429.3965981536279,""y"":516.2559240859247}]",0.012980965236740496,-0.00015344835066475687,-0.00015344835066475687,-0.012980965236740496,565044.6296363828,153728.96509076926,tfw,"0.0129809652
-0.0001534484
-0.0001534484
-0.0129809652
565044.629636
153728.965091","gdal_translate -of GTiff -a_srs EPSG:2180 -co COMPRESS=DEFLATE -co PREDICTOR=2 -co TILED=YES ""T.D-10.06.tif"" ""T.D-10.06_georef.tif""",77.03049201168105,0,-0.6772634562460367,-0.6772634562460367,0,[],[],0,FALSE,Brak siatki na planie,1.0.0-crowdsource,2026-01-23T15:17:46.962Z,Europe/Warsaw,"Mozilla/5.0 (Windows NT 10.0; Win64; x64) AppleWebKit/537.36 (KHTML, like Gecko) Chrome/109.0.0.0 Safari/537.36",1280,720,NORMAL,,,
SUB_1769181578512_972,2026-01-23T15:19:31.681Z,A_1769181477873_2800,60ca6cf8-01a0-48b2-9993-92e622759eeb,T.E-11.21,1007,caves/001502/image_1007_zoom_10.jpg,caves_mono/001502/image_1007_zoom_10.tif,caves_mono/001502/image_1007_zoom_10.tif,0,FALSE,plan i przekrój,Kardaś Rafał M.,49.243417,19.90985,49.24341666645474,19.909849999745685,5,0,TRUE,"+proj=tmerc +lat_0=0 +lon_0=19 +k=0.9993 +x_0=500000 +y_0=-5300000 +ellps=GRS80 +towgs84=0,0,0,0,0,0,0 +units=m +no_defs","[{""x"":957.1698820227238,""y"":194.60094210512804},{""x"":571.7339354938773,""y"":195.0134543304845},{""x"":185.70766979868512,""y"":194.93025021941597}]","[{""x"":957.1698820227238,""y"":194.60094210512804},{""x"":571.7339354938773,""y"":195.0134543304845},{""x"":185.70766979868512,""y"":194.93025021941597}]",0.012951549154885127,-0.00015579973874330042,-0.00015579973874330042,-0.012951549154885127,566191.1722941071,153279.71897075805,tfw,"0.0129515492
-0.0001557997
-0.0001557997
-0.0129515492
566191.172294
153279.718971","gdal_translate -of GTiff -a_srs EPSG:2180 -co COMPRESS=DEFLATE -co PREDICTOR=2 -co TILED=YES ""T.E-11.21.tif"" ""T.E-11.21_georef.tif""",77.20525493242005,0,-0.6892022587907713,-0.6892022587907713,5,"[{""x"":185.71487435873004,""y"":582.4358436783011},{""x"":958.0254746677674,""y"":582.6976463650733},{""x"":572.0912939808818,""y"":194.99168829828815},{""x"":185.77721060841478,""y"":194.96073350663337}]","[{""x"":185.71487435873004,""y"":582.4358436783011},{""x"":958.0254746677674,""y"":582.6976463650733},{""x"":572.0912939808818,""y"":194.99168829828815},{""x"":185.77721060841478,""y"":194.96073350663337}]",4,TRUE,,1.0.0-crowdsource,2026-01-23T15:19:31.682Z,Europe/Warsaw,"Mozilla/5.0 (Windows NT 10.0; Win64; x64) AppleWebKit/537.36 (KHTML, like Gecko) Chrome/109.0.0.0 Safari/537.36",1280,720,NORMAL,,,
SUB_1769182184624_475,2026-01-23T15:29:42.062Z,A_1769182109391_6283,a7375c3f-ddc3-4a26-9ca4-957f21592ac9,T.J-24.03,1245,caves/001719/image_1245_zoom_10.jpg,caves_mono/001719/image_1245_zoom_10.tif,caves_mono/001719/image_1245_zoom_10.tif,0,FALSE,plan i przekrój,Recielski Krzysztof,49.211389,20.090278,49.21138888888889,20.090277777777775,1,0,TRUE,"+proj=tmerc +lat_0=0 +lon_0=19 +k=0.9993 +x_0=500000 +y_0=-5300000 +ellps=GRS80 +towgs84=0,0,0,0,0,0,0 +units=m +no_defs","[{""x"":617.7068688465338,""y"":219.30870182973908},{""x"":306.34503564452865,""y"":492.485494265874},{""x"":384.4198787766702,""y"":491.8674876117661}]","[{""x"":617.7068688465338,""y"":219.30870182973908},{""x"":306.34503564452865,""y"":492.485494265874},{""x"":384.4198787766702,""y"":491.8674876117661}]",0.012806492506029837,-0.0001845195598146614,-0.0001845195598146614,-0.012806492506029837,579375.262318441,149894.18697920244,tfw,"0.0128064925
-0.0001845196
-0.0001845196
-0.0128064925
579375.262318
149894.186979","gdal_translate -of GTiff -a_srs EPSG:2180 -co COMPRESS=DEFLATE -co PREDICTOR=2 -co TILED=YES ""T.J-24.03.tif"" ""T.J-24.03_georef.tif""",78.07728903037703,0,-0.8254766486899863,-0.8254766486899863,5,"[{""x"":231.12190461279118,""y"":218.22444857205662},{""x"":617.2784058183863,""y"":218.78086999778526},{""x"":618.0635499136683,""y"":605.2313797145146},{""x"":231.88752264497046,""y"":605.7858678178774}]","[{""x"":231.12190461279118,""y"":218.22444857205662},{""x"":617.2784058183863,""y"":218.78086999778526},{""x"":618.0635499136683,""y"":605.2313797145146},{""x"":231.88752264497046,""y"":605.7858678178774}]",4,TRUE,,1.0.0-crowdsource,2026-01-23T15:29:42.062Z,Europe/Warsaw,"Mozilla/5.0 (Macintosh; Intel Mac OS X 10_15_7) AppleWebKit/537.36 (KHTML, like Gecko) Chrome/144.0.0.0 Safari/537.36",1512,982,NORMAL,,,
SUB_1769183670167_4034,2026-01-23T15:54:27.398Z,A_1769183616586_8333,60ca6cf8-01a0-48b2-9993-92e622759eeb,T.E-12.14,1059,caves/001549/image_1059_zoom_10.jpg,caves_mono/001549/image_1059_zoom_10.tif,caves_mono/001549/image_1059_zoom_10.tif,0,FALSE,plan i przekrój,Kardaś Michał,49.238931,19.915856,49.23893055544959,19.91585555606418,5,0,TRUE,"+proj=tmerc +lat_0=0 +lon_0=19 +k=0.9993 +x_0=500000 +y_0=-5300000 +ellps=GRS80 +towgs84=0,0,0,0,0,0,0 +units=m +no_defs","[{""x"":350.2433627439291,""y"":485.3523922878585},{""x"":1328.7792712044238,""y"":485.32504231019084},{""x"":1328.6357470260584,""y"":1461.846104351025}]","[{""x"":350.2433627439291,""y"":485.3523922878585},{""x"":1328.7792712044238,""y"":485.32504231019084},{""x"":1328.6357470260584,""y"":1461.846104351025}]",0.005119841926471878,-0.00006199118257879052,-0.00006199118257879052,-0.005119841926471878,566644.822536663,152786.2813470692,tfw,"0.0051198419
-0.0000619912
-0.0000619912
-0.0051198419
566644.822537
152786.281347","gdal_translate -of GTiff -a_srs EPSG:2180 -co COMPRESS=DEFLATE -co PREDICTOR=2 -co TILED=YES ""T.E-12.14.tif"" ""T.E-12.14_georef.tif""",195.30421451761336,0,-0.6937049275572407,-0.6937049275572407,5,"[{""x"":1328.6357470260584,""y"":1461.846104351025},{""x"":350.8427559053745,""y"":1461.7070652658092},{""x"":1328.829084454215,""y"":486.296059092929}]","[{""x"":1328.6357470260584,""y"":1461.846104351025},{""x"":350.8427559053745,""y"":1461.7070652658092},{""x"":1328.829084454215,""y"":486.296059092929}]",3,TRUE,,1.0.0-crowdsource,2026-01-23T15:54:27.398Z,Europe/Warsaw,"Mozilla/5.0 (Windows NT 10.0; Win64; x64) AppleWebKit/537.36 (KHTML, like Gecko) Chrome/109.0.0.0 Safari/537.36",1280,720,NORMAL,,,
SUB_1769183738921_5325,2026-01-23T15:55:35.814Z,A_1769183701768_8278,60ca6cf8-01a0-48b2-9993-92e622759eeb,T.E-11.61,1068,caves/001539/image_1068_zoom_10.jpg,caves_mono/001539/image_1068_zoom_10.tif,caves_mono/001539/image_1068_zoom_10.tif,0,FALSE,plan,Luty Izabella,49.240228,19.906275,49.24022777769301,19.906275000042385,2,0,TRUE,"+proj=tmerc +lat_0=0 +lon_0=19 +k=0.9993 +x_0=500000 +y_0=-5300000 +ellps=GRS80 +towgs84=0,0,0,0,0,0,0 +units=m +no_defs","[{""x"":227.42791310384868,""y"":170.23828178962623},{""x"":268.3748291114469,""y"":824.9446676140999},{""x"":345.71994070270057,""y"":825.1548445602593}]","[{""x"":227.42791310384868,""y"":170.23828178962623},{""x"":268.3748291114469,""y"":824.9446676140999},{""x"":345.71994070270057,""y"":825.1548445602593}]",0.025856179302481918,-0.0003097979629866534,-0.0003097979629866534,-0.025856179302481918,565941.8327279717,152923.9904749987,tfw,"0.0258561793
-0.0003097980
-0.0003097980
-0.0258561793
565941.832728
152923.990475","gdal_translate -of GTiff -a_srs EPSG:2180 -co COMPRESS=DEFLATE -co PREDICTOR=2 -co TILED=YES ""T.E-11.61.tif"" ""T.E-11.61_georef.tif""",38.672698578623205,0,-0.6864613001804921,-0.6864613001804921,0,[],[],0,FALSE,Brak siatki na planie,1.0.0-crowdsource,2026-01-23T15:55:35.814Z,Europe/Warsaw,"Mozilla/5.0 (Windows NT 10.0; Win64; x64) AppleWebKit/537.36 (KHTML, like Gecko) Chrome/109.0.0.0 Safari/537.36",1280,720,NORMAL,,,
SUB_1769183898292_7919,2026-01-23T15:58:15.653Z,A_1769183862882_584,60ca6cf8-01a0-48b2-9993-92e622759eeb,T.E-08.55,925,caves/001431/image_925_zoom_10.jpg,caves_mono/001431/image_925_zoom_10.tif,caves_mono/001431/image_925_zoom_10.tif,0,FALSE,plan,Luty Izabella,49.241639,19.856397,49.24163888878292,19.85639722241296,1,0,TRUE,"+proj=tmerc +lat_0=0 +lon_0=19 +k=0.9993 +x_0=500000 +y_0=-5300000 +ellps=GRS80 +towgs84=0,0,0,0,0,0,0 +units=m +no_defs","[{""x"":473.80832136477085,""y"":147.91901391210797},{""x"":115.40830107496679,""y"":504.0580127137409},{""x"":192.50887241053545,""y"":504.0580127137409}]","[{""x"":473.80832136477085,""y"":147.91901391210797},{""x"":115.40830107496679,""y"":504.0580127137409},{""x"":192.50887241053545,""y"":504.0580127137409}]",0.012969241227476055,-0.00014684220839516273,-0.00014684220839516273,-0.012969241227476055,562310.2888217263,153036.02591150548,tfw,"0.0129692412
-0.0001468422
-0.0001468422
-0.0129692412
562310.288822
153036.025912","gdal_translate -of GTiff -a_srs EPSG:2180 -co COMPRESS=DEFLATE -co PREDICTOR=2 -co TILED=YES ""T.E-08.55.tif"" ""T.E-08.55_georef.tif""",77.10057133556866,0,-0.6486947967064521,-0.6486947967064521,0,[],[],0,FALSE,Brak siatki na planie,1.0.0-crowdsource,2026-01-23T15:58:15.653Z,Europe/Warsaw,"Mozilla/5.0 (Windows NT 10.0; Win64; x64) AppleWebKit/537.36 (KHTML, like Gecko) Chrome/109.0.0.0 Safari/537.36",1280,720,NORMAL,,,
SUB_1769183948571_4070,2026-01-23T15:59:06.148Z,A_1769183904071_4273,60ca6cf8-01a0-48b2-9993-92e622759eeb,T.B-12.07,486,caves/001014/image_486_zoom_10.jpg,caves_mono/001014/image_486_zoom_10.tif,caves_mono/001014/image_486_zoom_10.tif,0,FALSE,plan,Luty Izabella,49.265003,19.921878,49.26500277731154,19.921877777841356,10,0,TRUE,"+proj=tmerc +lat_0=0 +lon_0=19 +k=0.9993 +x_0=500000 +y_0=-5300000 +ellps=GRS80 +towgs84=0,0,0,0,0,0,0 +units=m +no_defs","[{""x"":516.8113022780175,""y"":268.83723752776075},{""x"":516.8113022780175,""y"":268.83723752776075},{""x"":516.9713036953639,""y"":653.7524150586285}]","[{""x"":516.8113022780175,""y"":268.83723752776075},{""x"":516.8113022780175,""y"":268.83723752776075},{""x"":516.9713036953639,""y"":653.7524150586285}]",0.025977816740406473,-0.0003167326547689695,-0.0003167326547689695,-0.025977816740406473,567036.1369273044,155693.74849803175,tfw,"0.0259778167
-0.0003167327
-0.0003167327
-0.0259778167
567036.136927
155693.748498","gdal_translate -of GTiff -a_srs EPSG:2180 -co COMPRESS=DEFLATE -co PREDICTOR=2 -co TILED=YES ""T.B-12.07.tif"" ""T.B-12.07_georef.tif""",38.49152107855351,0,-0.6985400419084263,-0.6985400419084263,10,"[{""x"":516.9713036953639,""y"":653.7524150586285},{""x"":131.56090027217584,""y"":653.6179758731151},{""x"":131.48641282551708,""y"":269.6232295409418},{""x"":516.9248085969855,""y"":269.41795853985275}]","[{""x"":516.9713036953639,""y"":653.7524150586285},{""x"":131.56090027217584,""y"":653.6179758731151},{""x"":131.48641282551708,""y"":269.6232295409418},{""x"":516.9248085969855,""y"":269.41795853985275}]",4,TRUE,,1.0.0-crowdsource,2026-01-23T15:59:06.148Z,Europe/Warsaw,"Mozilla/5.0 (Windows NT 10.0; Win64; x64) AppleWebKit/537.36 (KHTML, like Gecko) Chrome/109.0.0.0 Safari/537.36",1280,720,NORMAL,,,
SUB_1769243838171_7606,2026-01-24T08:37:16.085Z,A_1769243124897_3482,734049f9-8523-4a2c-9326-c7a36a47fec7,T.F-11.05,1199,caves/001673/image_1199_zoom_10.jpg,caves_mono/001673/image_1199_zoom_10.tif,caves_mono/001673/image_1199_zoom_10.tif,0,FALSE,plan i przekrój,Luty Izabella,49.231528,19.907983,49.23152777777778,19.907983333269755,15,0,TRUE,"+proj=tmerc +lat_0=0 +lon_0=19 +k=0.9993 +x_0=500000 +y_0=-5300000 +ellps=GRS80 +towgs84=0,0,0,0,0,0,0 +units=m +no_defs","[{""x"":82.35029544886861,""y"":606.3917811977425},{""x"":82.02561502163887,""y"":605.9906239965279},{""x"":661.0405445786294,""y"":606.1581460333441}]","[{""x"":82.35029544886861,""y"":606.3917811977425},{""x"":82.02561502163887,""y"":605.9906239965279},{""x"":661.0405445786294,""y"":606.1581460333441}]",0.02590420083522652,-0.0003109176280570837,-0.0003109176280570837,-0.02590420083522652,566081.607767838,151969.87318743835,tfw,"0.0259042008
-0.0003109176
-0.0003109176
-0.0259042008
566081.607768
151969.873187","gdal_translate -of GTiff -a_srs EPSG:2180 -co COMPRESS=DEFLATE -co PREDICTOR=2 -co TILED=YES ""T.F-11.05.tif"" ""T.F-11.05_georef.tif""",38.60099691939572,0,-0.6876650083293703,-0.6876650083293703,5,"[{""x"":274.6205704232391,""y"":605.6303415609864},{""x"":466.94614628998124,""y"":606.4966729964485},{""x"":661.870716425193,""y"":605.6303415609864},{""x"":81.18252045777598,""y"":606.3121951351675},{""x"":81.5217725810541,""y"":411.86052550552876},{""x"":81.62326843042187,""y"":219.88693396494315},{""x"":275.31992296546724,""y"":219.8869355295785},{""x"":274.64811785803136,""y"":412.2644522400262},{""x"":467.20902698602015,""y"":412.45858201377473},{""x"":660.737442713214,""y"":412.2121038960572}]","[{""x"":274.6205704232391,""y"":605.6303415609864},{""x"":466.94614628998124,""y"":606.4966729964485},{""x"":661.870716425193,""y"":605.6303415609864},{""x"":81.18252045777598,""y"":606.3121951351675},{""x"":81.5217725810541,""y"":411.86052550552876},{""x"":81.62326843042187,""y"":219.88693396494315},{""x"":275.31992296546724,""y"":219.8869355295785},{""x"":274.64811785803136,""y"":412.2644522400262},{""x"":467.20902698602015,""y"":412.45858201377473},{""x"":660.737442713214,""y"":412.2121038960572}]",10,TRUE,,1.0.0-crowdsource,2026-01-24T08:37:16.085Z,Europe/Warsaw,"Mozilla/5.0 (Windows NT 10.0; Win64; x64) AppleWebKit/537.36 (KHTML, like Gecko) Chrome/143.0.0.0 Safari/537.36",1536,864,NORMAL,,,
SUB_1769243965205_5832,2026-01-24T08:39:22.948Z,A_1769243845108_8272,734049f9-8523-4a2c-9326-c7a36a47fec7,T.E-11.65,1064,caves/001546/image_1064_zoom_10.jpg,caves_mono/001546/image_1064_zoom_10.tif,caves_mono/001546/image_1064_zoom_10.tif,0,FALSE,plan,Tabaczyński Zbigniew,49.2425,19.909628,49.2425,19.90962777773539,30,0,TRUE,"+proj=tmerc +lat_0=0 +lon_0=19 +k=0.9993 +x_0=500000 +y_0=-5300000 +ellps=GRS80 +towgs84=0,0,0,0,0,0,0 +units=m +no_defs","[{""x"":207.4220825824457,""y"":581.0688503767551},{""x"":207.29534189325344,""y"":194.827766723888},{""x"":1365.8457737487613,""y"":194.96556353730207}]","[{""x"":207.4220825824457,""y"":581.0688503767551},{""x"":207.29534189325344,""y"":194.827766723888},{""x"":1365.8457737487613,""y"":194.96556353730207}]",0.025892554790888953,-0.0003113923437175553,-0.0003113923437175553,-0.025892554790888953,566183.4215038194,153190.05473480825,tfw,"0.0258925548
-0.0003113923
-0.0003113923
-0.0258925548
566183.421504
153190.054735","gdal_translate -of GTiff -a_srs EPSG:2180 -co COMPRESS=DEFLATE -co PREDICTOR=2 -co TILED=YES ""T.E-11.65.tif"" ""T.E-11.65_georef.tif""",38.618348001673816,0,-0.6890245915905311,-0.6890245915905311,10,"[{""x"":1366.8993263139646,""y"":195.02883504395},{""x"":978.9221963420176,""y"":194.63186857226438},{""x"":1366.1544484758724,""y"":580.6603756102483},{""x"":593.4344047364765,""y"":195.26795840680782},{""x"":206.77991124578506,""y"":194.17541666832741},{""x"":207.01849430328897,""y"":581.1917402779684}]","[{""x"":1366.8993263139646,""y"":195.02883504395},{""x"":978.9221963420176,""y"":194.63186857226438},{""x"":1366.1544484758724,""y"":580.6603756102483},{""x"":593.4344047364765,""y"":195.26795840680782},{""x"":206.77991124578506,""y"":194.17541666832741},{""x"":207.01849430328897,""y"":581.1917402779684}]",6,TRUE,,1.0.0-crowdsource,2026-01-24T08:39:22.948Z,Europe/Warsaw,"Mozilla/5.0 (Windows NT 10.0; Win64; x64) AppleWebKit/537.36 (KHTML, like Gecko) Chrome/143.0.0.0 Safari/537.36",1536,864,NORMAL,,,
SUB_1769249975392_6758,2026-01-24T10:19:29.430Z,A_1769243971937_2990,734049f9-8523-4a2c-9326-c7a36a47fec7,T.E-09.08,936,caves/001426/image_936_zoom_10.jpg,caves_mono/001426/image_936_zoom_10.tif,caves_mono/001426/image_936_zoom_10.tif,0,FALSE,plan,Kardaś Rafał M.,49.237569,19.870431,49.237569444444446,19.87043055560854,30,0,TRUE,"+proj=tmerc +lat_0=0 +lon_0=19 +k=0.9993 +x_0=500000 +y_0=-5300000 +ellps=GRS80 +towgs84=0,0,0,0,0,0,0 +units=m +no_defs","[{""x"":3424.983073145631,""y"":840.7080406405926},{""x"":3425.599646871135,""y"":1813.755102232409},{""x"":480.96363592148407,""y"":1811.243010410362}]","[{""x"":3424.983073145631,""y"":840.7080406405926},{""x"":3425.599646871135,""y"":1813.755102232409},{""x"":480.96363592148407,""y"":1811.243010410362}]",0.010187338243360012,-0.0001172277141540646,-0.0001172277141540646,-0.010187338243360012,563308.0081910852,152602.3433060526,tfw,"0.0101873382
-0.0001172277
-0.0001172277
-0.0101873382
563308.008191
152602.343306","gdal_translate -of GTiff -a_srs EPSG:2180 -co COMPRESS=DEFLATE -co PREDICTOR=2 -co TILED=YES ""T.E-09.08.tif"" ""T.E-09.08_georef.tif""",98.15456941639884,0,-0.6592847574985516,-0.6592847574985516,10,"[{""x"":482.5148733837626,""y"":837.2359693629118},{""x"":1469.012823965012,""y"":837.5405923742837},{""x"":2442.698882265163,""y"":838.6088168299515},{""x"":3425.7692305112228,""y"":839.8254912808459}]","[{""x"":482.5148733837626,""y"":837.2359693629118},{""x"":1469.012823965012,""y"":837.5405923742837},{""x"":2442.698882265163,""y"":838.6088168299515},{""x"":3425.7692305112228,""y"":839.8254912808459}]",4,TRUE,,1.0.0-crowdsource,2026-01-24T10:19:29.432Z,Europe/Warsaw,"Mozilla/5.0 (Windows NT 10.0; Win64; x64) AppleWebKit/537.36 (KHTML, like Gecko) Chrome/143.0.0.0 Safari/537.36",1536,864,NORMAL,,,
SUB_1769250254481_8921,2026-01-24T10:24:08.796Z,A_1769250178733_7395,734049f9-8523-4a2c-9326-c7a36a47fec7,T.E-05.04,783,caves/001290/image_783_zoom_10.jpg,caves_mono/001290/image_783_zoom_10.tif,caves_mono/001290/image_783_zoom_10.tif,0,FALSE,plan,Recielski Krzysztof,49.241928,19.8242,49.24192777792613,19.82420000023312,5,0,TRUE,"+proj=tmerc +lat_0=0 +lon_0=19 +k=0.9993 +x_0=500000 +y_0=-5300000 +ellps=GRS80 +towgs84=0,0,0,0,0,0,0 +units=m +no_defs","[{""x"":112.73721488569795,""y"":309.61312043000174},{""x"":111.85026543120338,""y"":309.90876189007},{""x"":497.97924276762495,""y"":309.15089669839256}]","[{""x"":112.73721488569795,""y"":309.61312043000174},{""x"":111.85026543120338,""y"":309.90876189007},{""x"":497.97924276762495,""y"":309.15089669839256}]",0.01294824746519023,-0.00014109295267878612,-0.00014109295267878612,-0.01294824746519023,559971.8296628841,153044.1524790922,tfw,"0.0129482475
-0.0001410930
-0.0001410930
-0.0129482475
559971.829663
153044.152479","gdal_translate -of GTiff -a_srs EPSG:2180 -co COMPRESS=DEFLATE -co PREDICTOR=2 -co TILED=YES ""T.E-05.04.tif"" ""T.E-05.04_georef.tif""",77.2259442152751,0,-0.6243092582450707,-0.6243092582450707,5,"[{""x"":499.2159261752394,""y"":309.76922960705883},{""x"":112.14254013931048,""y"":309.76922960705883}]","[{""x"":499.2159261752394,""y"":309.76922960705883},{""x"":112.14254013931048,""y"":309.76922960705883}]",2,TRUE,,1.0.0-crowdsource,2026-01-24T10:24:08.798Z,Europe/Warsaw,"Mozilla/5.0 (Windows NT 10.0; Win64; x64) AppleWebKit/537.36 (KHTML, like Gecko) Chrome/143.0.0.0 Safari/537.36",1536,864,NORMAL,,,
SUB_1769250402737_5546,2026-01-24T10:26:36.525Z,A_1769250261082_7125,734049f9-8523-4a2c-9326-c7a36a47fec7,T.F-09.33,1215,caves/001692/image_1215_zoom_10.jpg,caves_mono/001692/image_1215_zoom_10.tif,caves_mono/001692/image_1215_zoom_10.tif,0,FALSE,plan,Luty Izabella,49.234592,19.875894,49.234591666724945,19.87589444478353,1,0,TRUE,"+proj=tmerc +lat_0=0 +lon_0=19 +k=0.9993 +x_0=500000 +y_0=-5300000 +ellps=GRS80 +towgs84=0,0,0,0,0,0,0 +units=m +no_defs","[{""x"":618.1756427742267,""y"":575.7715957927867},{""x"":1093.5904235901294,""y"":997.7212121015342},{""x"":1289.1944580954757,""y"":998.8596761397566}]","[{""x"":618.1756427742267,""y"":575.7715957927867},{""x"":1093.5904235901294,""y"":997.7212121015342},{""x"":1289.1944580954757,""y"":998.8596761397566}]",0.005111939728890569,-0.00005919067376615131,-0.00005919067376615131,-0.005111939728890569,563741.0538125043,152270.09870607045,tfw,"0.0051119397
-0.0000591907
-0.0000591907
-0.0051119397
563741.053813
152270.098706","gdal_translate -of GTiff -a_srs EPSG:2180 -co COMPRESS=DEFLATE -co PREDICTOR=2 -co TILED=YES ""T.F-09.33.tif"" ""T.F-09.33_georef.tif""",195.60734754894833,0,-0.6633928456849223,-0.6633928456849223,0,[],[],0,FALSE,Brak siatki na planie,1.0.0-crowdsource,2026-01-24T10:26:36.527Z,Europe/Warsaw,"Mozilla/5.0 (Windows NT 10.0; Win64; x64) AppleWebKit/537.36 (KHTML, like Gecko) Chrome/143.0.0.0 Safari/537.36",1536,864,NORMAL,,,
SUB_1769250480360_742,2026-01-24T10:27:54.078Z,A_1769250410252_4058,734049f9-8523-4a2c-9326-c7a36a47fec7,T.D-14.02,695,caves/001214/image_695_zoom_10.jpg,caves_mono/001214/image_695_zoom_10.tif,caves_mono/001214/image_695_zoom_10.tif,0,FALSE,plan,Luty Izabella,49.251314,19.939058,49.25131388889419,19.939058333502874,5,0,TRUE,"+proj=tmerc +lat_0=0 +lon_0=19 +k=0.9993 +x_0=500000 +y_0=-5300000 +ellps=GRS80 +towgs84=0,0,0,0,0,0,0 +units=m +no_defs","[{""x"":868.8487391363802,""y"":388.2293214550829},{""x"":869.090549290879,""y"":387.98751130711406},{""x"":482.4666260271466,""y"":389.1260323411505}]","[{""x"":868.8487391363802,""y"":388.2293214550829},{""x"":869.090549290879,""y"":387.98751130711406},{""x"":482.4666260271466,""y"":389.1260323411505}]",0.012931411132721898,-0.00016057077286560557,-0.00016057077286560557,-0.012931411132721898,568306.7065427286,154185.81515393255,tfw,"0.0129314111
-0.0001605708
-0.0001605708
-0.0129314111
568306.706543
154185.815154","gdal_translate -of GTiff -a_srs EPSG:2180 -co COMPRESS=DEFLATE -co PREDICTOR=2 -co TILED=YES ""T.D-14.02.tif"" ""T.D-14.02_georef.tif""",77.32511992101543,0,-0.711411516756132,-0.711411516756132,5,"[{""x"":482.39969875104265,""y"":388.5640335132991},{""x"":869.9023897278138,""y"":388.56403079517116}]","[{""x"":482.39969875104265,""y"":388.5640335132991},{""x"":869.9023897278138,""y"":388.56403079517116}]",2,TRUE,,1.0.0-crowdsource,2026-01-24T10:27:54.080Z,Europe/Warsaw,"Mozilla/5.0 (Windows NT 10.0; Win64; x64) AppleWebKit/537.36 (KHTML, like Gecko) Chrome/143.0.0.0 Safari/537.36",1536,864,NORMAL,,,
SUB_1769250614313_4018,2026-01-24T10:30:08.567Z,A_1769250564630_7792,734049f9-8523-4a2c-9326-c7a36a47fec7,T.K-21.01,1255,caves/001724/image_1255_zoom_10.jpg,caves_mono/001724/image_1255_zoom_10.tif,caves_mono/001724/image_1255_zoom_10.tif,0,FALSE,plan i przekrój,Gajewska Agnieszka,49.194158,20.043675,49.19415833367241,20.043674999872845,1,0,TRUE,"+proj=tmerc +lat_0=0 +lon_0=19 +k=0.9993 +x_0=500000 +y_0=-5300000 +ellps=GRS80 +towgs84=0,0,0,0,0,0,0 +units=m +no_defs","[{""x"":555.4549972582604,""y"":252.54504425800405},{""x"":614.4754378196693,""y"":439.68311736528943},{""x"":690.8057039670286,""y"":439.9586778976966}]","[{""x"":555.4549972582604,""y"":252.54504425800405},{""x"":614.4754378196693,""y"":439.68311736528943},{""x"":690.8057039670286,""y"":439.9586778976966}]",0.013099632470995657,-0.00018062759404731702,-0.00018062759404731702,-0.013099632470995657,576009.2028350055,147931.8916004927,tfw,"0.0130996325
-0.0001806276
-0.0001806276
-0.0130996325
576009.202835
147931.891600","gdal_translate -of GTiff -a_srs EPSG:2180 -co COMPRESS=DEFLATE -co PREDICTOR=2 -co TILED=YES ""T.K-21.01.tif"" ""T.K-21.01_georef.tif""",76.33076354743041,0,-0.7899872766306935,-0.7899872766306935,0,[],[],0,FALSE,Brak siatki na planie,1.0.0-crowdsource,2026-01-24T10:30:08.569Z,Europe/Warsaw,"Mozilla/5.0 (Windows NT 10.0; Win64; x64) AppleWebKit/537.36 (KHTML, like Gecko) Chrome/143.0.0.0 Safari/537.36",1536,864,NORMAL,,,
SUB_1769250703196_6205,2026-01-24T10:31:37.198Z,A_1769250620996_4185,734049f9-8523-4a2c-9326-c7a36a47fec7,T.E-09.48,4410,caves/004389/image_4410_zoom_10.jpg,caves_mono/004389/image_4410_zoom_10.tif,caves_mono/004389/image_4410_zoom_10.tif,0,FALSE,plan,Luty Izabella,49.242222,19.8775,49.242222222222225,19.8775,2,0,TRUE,"+proj=tmerc +lat_0=0 +lon_0=19 +k=0.9993 +x_0=500000 +y_0=-5300000 +ellps=GRS80 +towgs84=0,0,0,0,0,0,0 +units=m +no_defs","[{""x"":423.380886619502,""y"":521.1719101462636},{""x"":66.43012039981956,""y"":746.2497340356249},{""x"":184.670631959827,""y"":745.8363056827067}]","[{""x"":423.380886619502,""y"":521.1719101462636},{""x"":66.43012039981956,""y"":746.2497340356249},{""x"":184.670631959827,""y"":745.8363056827067}]",0.01691343490033406,-0.00019622072596856056,-0.00019622072596856056,-0.01691343490033406,563844.161072307,153125.32826969755,tfw,"0.0169134349
-0.0001962207
-0.0001962207
-0.0169134349
563844.161072
153125.328270","gdal_translate -of GTiff -a_srs EPSG:2180 -co COMPRESS=DEFLATE -co PREDICTOR=2 -co TILED=YES ""T.E-09.48.tif"" ""T.E-09.48_georef.tif""",59.12061716731155,0,-0.6646855095432157,-0.6646855095432157,0,[],[],0,FALSE,Brak siatki na planie,1.0.0-crowdsource,2026-01-24T10:31:37.199Z,Europe/Warsaw,"Mozilla/5.0 (Windows NT 10.0; Win64; x64) AppleWebKit/537.36 (KHTML, like Gecko) Chrome/143.0.0.0 Safari/537.36",1536,864,NORMAL,,,
SUB_1769250757249_86,2026-01-24T10:32:31.871Z,A_1769250710480_835,734049f9-8523-4a2c-9326-c7a36a47fec7,T.F-09.21,1206,caves/001683/image_1206_zoom_10.jpg,caves_mono/001683/image_1206_zoom_10.tif,caves_mono/001683/image_1206_zoom_10.tif,0,FALSE,plan,Luty Izabella,49.234239,19.876425,49.23423888888624,19.8764250002967,1,0,TRUE,"+proj=tmerc +lat_0=0 +lon_0=19 +k=0.9993 +x_0=500000 +y_0=-5300000 +ellps=GRS80 +towgs84=0,0,0,0,0,0,0 +units=m +no_defs","[{""x"":1517.8316562044224,""y"":505.29752238169743},{""x"":1806.1927306025334,""y"":846.1688731407945},{""x"":2000.2530311019073,""y"":845.26624509166}]","[{""x"":1517.8316562044224,""y"":505.29752238169743},{""x"":1806.1927306025334,""y"":846.1688731407945},{""x"":2000.2530311019073,""y"":845.26624509166}]",0.005152635916569088,-0.00005969774653773783,-0.00005969774653773783,-0.005152635916569088,563775.4873629283,152231.03014552608,tfw,"0.0051526359
-0.0000596977
-0.0000596977
-0.0051526359
563775.487363
152231.030146","gdal_translate -of GTiff -a_srs EPSG:2180 -co COMPRESS=DEFLATE -co PREDICTOR=2 -co TILED=YES ""T.F-09.21.tif"" ""T.F-09.21_georef.tif""",194.06239967418307,0,-0.6637914936685367,-0.6637914936685367,0,[],[],0,FALSE,Brak siatki na planie,1.0.0-crowdsource,2026-01-24T10:32:31.872Z,Europe/Warsaw,"Mozilla/5.0 (Windows NT 10.0; Win64; x64) AppleWebKit/537.36 (KHTML, like Gecko) Chrome/143.0.0.0 Safari/537.36",1536,864,NORMAL,,,
SUB_1769250889256_9025,2026-01-24T10:34:43.763Z,A_1769250769334_2250,734049f9-8523-4a2c-9326-c7a36a47fec7,T.D-08.31,622,caves/001120/image_622_zoom_10.jpg,caves_mono/001120/image_622_zoom_10.tif,caves_mono/001120/image_622_zoom_10.tif,0,FALSE,plan,Luty Izabella,49.245983,19.866447,49.245983333587645,19.86644722196791,5,0,TRUE,"+proj=tmerc +lat_0=0 +lon_0=19 +k=0.9993 +x_0=500000 +y_0=-5300000 +ellps=GRS80 +towgs84=0,0,0,0,0,0,0 +units=m +no_defs","[{""x"":482.1315722539152,""y"":1548.7593871978079},{""x"":1464.5504489189389,""y"":1548.7591504530849},{""x"":1464.5372889766184,""y"":567.329991421216}]","[{""x"":482.1315722539152,""y"":1548.7593871978079},{""x"":1464.5504489189389,""y"":1548.7591504530849},{""x"":1464.5372889766184,""y"":567.329991421216}]",0.005094276940393378,-0.000058359904633349494,-0.000058359904633349494,-0.005094276940393378,563039.8038840507,153533.05398447043,tfw,"0.0050942769
-0.0000583599
-0.0000583599
-0.0050942769
563039.803884
153533.053984","gdal_translate -of GTiff -a_srs EPSG:2180 -co COMPRESS=DEFLATE -co PREDICTOR=2 -co TILED=YES ""T.D-08.31.tif"" ""T.D-08.31_georef.tif""",196.28583182401988,0,-0.6563502535464972,-0.6563502535464972,5,"[{""x"":1464.5372939039378,""y"":567.3300002242516},{""x"":481.4105917219521,""y"":566.8388027965884},{""x"":1464.934649390053,""y"":1547.7411593242941},{""x"":482.0203528595545,""y"":1548.6320161138058}]","[{""x"":1464.5372939039378,""y"":567.3300002242516},{""x"":481.4105917219521,""y"":566.8388027965884},{""x"":1464.934649390053,""y"":1547.7411593242941},{""x"":482.0203528595545,""y"":1548.6320161138058}]",4,TRUE,,1.0.0-crowdsource,2026-01-24T10:34:43.765Z,Europe/Warsaw,"Mozilla/5.0 (Windows NT 10.0; Win64; x64) AppleWebKit/537.36 (KHTML, like Gecko) Chrome/143.0.0.0 Safari/537.36",1536,864,NORMAL,,,
SUB_1769250998214_4188,2026-01-24T10:36:32.653Z,A_1769250904656_2091,734049f9-8523-4a2c-9326-c7a36a47fec7,T.D-17.08,739,caves/001253/image_739_zoom_10.jpg,caves_mono/001253/image_739_zoom_10.tif,caves_mono/001253/image_739_zoom_10.tif,0,FALSE,plan,Luty Izabella,49.250953,19.987086,49.25095277779632,19.98708611117469,10,0,TRUE,"+proj=tmerc +lat_0=0 +lon_0=19 +k=0.9993 +x_0=500000 +y_0=-5300000 +ellps=GRS80 +towgs84=0,0,0,0,0,0,0 +units=m +no_defs","[{""x"":428.78708588741597,""y"":221.8237936394484},{""x"":428.78708588741597,""y"":221.8237936394484},{""x"":428.2450186136816,""y"":990.6686459197374}]","[{""x"":428.78708588741597,""y"":221.8237936394484},{""x"":428.78708588741597,""y"":221.8237936394484},{""x"":428.2450186136816,""y"":990.6686459197374}]",0.013005414286928743,-0.00016974904055753237,-0.00016974904055753237,-0.013005414286928743,571806.9240518541,154187.99103085088,tfw,"0.0130054143
-0.0001697490
-0.0001697490
-0.0130054143
571806.924052
154187.991031","gdal_translate -of GTiff -a_srs EPSG:2180 -co COMPRESS=DEFLATE -co PREDICTOR=2 -co TILED=YES ""T.D-17.08.tif"" ""T.D-17.08_georef.tif""",76.88450433701374,0,-0.7477925072055027,-0.7477925072055027,5,"[{""x"":428.5859677663659,""y"":991.1543279829989},{""x"":428.1061245050382,""y"":607.0145949047987},{""x"":812.6380353238122,""y"":606.4088680393528},{""x"":814.4599089484557,""y"":222.32489987028356},{""x"":428.8702548185838,""y"":222.30200791785566}]","[{""x"":428.5859677663659,""y"":991.1543279829989},{""x"":428.1061245050382,""y"":607.0145949047987},{""x"":812.6380353238122,""y"":606.4088680393528},{""x"":814.4599089484557,""y"":222.32489987028356},{""x"":428.8702548185838,""y"":222.30200791785566}]",5,TRUE,,1.0.0-crowdsource,2026-01-24T10:36:32.654Z,Europe/Warsaw,"Mozilla/5.0 (Windows NT 10.0; Win64; x64) AppleWebKit/537.36 (KHTML, like Gecko) Chrome/143.0.0.0 Safari/537.36",1536,864,NORMAL,,,
SUB_1769251350251_3337,2026-01-24T10:42:24.547Z,A_1769251004494_2889,734049f9-8523-4a2c-9326-c7a36a47fec7,T.F-11.13,1202,caves/001676/image_1202_zoom_10.jpg,caves_mono/001676/image_1202_zoom_10.tif,caves_mono/001676/image_1202_zoom_10.tif,0,FALSE,plan i przekrój,Luty Izabella,49.231669,19.900992,49.231669443978205,19.90099166664812,10,0,TRUE,"+proj=tmerc +lat_0=0 +lon_0=19 +k=0.9993 +x_0=500000 +y_0=-5300000 +ellps=GRS80 +towgs84=0,0,0,0,0,0,0 +units=m +no_defs","[{""x"":2965.7089840218423,""y"":3379.3491982300243},{""x"":2965.7089840218423,""y"":3379.3491982300243},{""x"":2964.327731037916,""y"":891.4161049462823}]","[{""x"":3232.622792583808,""y"":3683.490626070726},{""x"":3232.622792583808,""y"":3683.490626070726},{""x"":3231.117226831328,""y"":971.6435543914477}]",0.003687261488607658,-0.0000439160129002884,-0.0000439160129002884,-0.003687261488607658,565562.8049843395,151977.4497295046,tfw,"0.0036872615
-0.0000439160
-0.0000439160
-0.0036872615
565562.804984
151977.449730","gdal_translate -of GTiff -a_srs EPSG:2180 -co COMPRESS=DEFLATE -co PREDICTOR=2 -co TILED=YES ""T.F-11.13.tif"" ""T.F-11.13_georef.tif""",271.18474896099366,0,-0.6823717909203536,-0.6823717909203536,5,"[{""x"":2964.327731037916,""y"":891.4161049462823},{""x"":2966.766778522548,""y"":2140.0247344513923},{""x"":2964.6083617080917,""y"":3382.5334196379786}]","[{""x"":3231.117226831328,""y"":971.6435543914477},{""x"":3233.775788589577,""y"":2332.6269605520174},{""x"":3231.4231142618196,""y"":3686.9614274053965}]",3,TRUE,,1.0.0-crowdsource,2026-01-24T10:42:24.549Z,Europe/Warsaw,"Mozilla/5.0 (Windows NT 10.0; Win64; x64) AppleWebKit/537.36 (KHTML, like Gecko) Chrome/143.0.0.0 Safari/537.36",1536,864,NORMAL,,,
SUB_1769251481647_9061,2026-01-24T10:44:36.120Z,A_1769251391530_932,734049f9-8523-4a2c-9326-c7a36a47fec7,T.D-04.07,545,caves/001074/image_545_zoom_10.jpg,caves_mono/001074/image_545_zoom_10.tif,caves_mono/001074/image_545_zoom_10.tif,0,FALSE,plan i przekrój,Burkacki Mirosław,49.244822,19.810864,49.24482222239177,19.81086388905843,1,0,TRUE,"+proj=tmerc +lat_0=0 +lon_0=19 +k=0.9993 +x_0=500000 +y_0=-5300000 +ellps=GRS80 +towgs84=0,0,0,0,0,0,0 +units=m +no_defs","[{""x"":800.4702742443727,""y"":868.2473367768031},{""x"":1464.909636661949,""y"":996.7901915046116},{""x"":1661.2441693888532,""y"":996.7901915046116}]","[{""x"":800.4702742443727,""y"":868.2473367768031},{""x"":1464.909636661949,""y"":996.7901915046116},{""x"":1661.2441693888532,""y"":996.7901915046116}]",0.005093054813384862,-0.00005460173541119208,-0.00005460173541119208,-0.005093054813384862,558995.3783297967,153355.72918609984,tfw,"0.0050930548
-0.0000546017
-0.0000546017
-0.0050930548
558995.378330
153355.729186","gdal_translate -of GTiff -a_srs EPSG:2180 -co COMPRESS=DEFLATE -co PREDICTOR=2 -co TILED=YES ""T.D-04.07.tif"" ""T.D-04.07_georef.tif""",196.33453272690417,0,-0.6142343365372238,-0.6142343365372238,0,[],[],0,FALSE,Brak siatki na planie,1.0.0-crowdsource,2026-01-24T10:44:36.120Z,Europe/Warsaw,"Mozilla/5.0 (Windows NT 10.0; Win64; x64) AppleWebKit/537.36 (KHTML, like Gecko) Chrome/143.0.0.0 Safari/537.36",1536,864,NORMAL,,,
SUB_1769251828961_5532,2026-01-24T10:50:23.066Z,A_1769251489691_1910,734049f9-8523-4a2c-9326-c7a36a47fec7,T.E-08.03,907,caves/001387/image_907_zoom_10.jpg,caves_mono/001387/image_907_zoom_10.tif,caves_mono/001387/image_907_zoom_10.tif,0,FALSE,plan,Filar Filip,49.239853,19.86225,49.239852777587046,19.862249999576147,70,0,TRUE,"+proj=tmerc +lat_0=0 +lon_0=19 +k=0.9993 +x_0=500000 +y_0=-5300000 +ellps=GRS80 +towgs84=0,0,0,0,0,0,0 +units=m +no_defs","[{""x"":3498.3203614128524,""y"":2033.8222738158786},{""x"":546.0955536215296,""y"":2032.7422976753974},{""x"":4678.190070317575,""y"":2033.3228887361045}]","[{""x"":3498.3203614128524,""y"":2033.8222738158786},{""x"":546.0955536215296,""y"":2032.7422976753974},{""x"":4678.190070317575,""y"":2033.3228887361045}]",0.016939460442486155,-0.00019310012853585351,-0.00019310012853585351,-0.016939460442486155,562685.7013763688,152875.51747702408,tfw,"0.0169394604
-0.0001931001
-0.0001931001
-0.0169394604
562685.701376
152875.517477","gdal_translate -of GTiff -a_srs EPSG:2180 -co COMPRESS=DEFLATE -co PREDICTOR=2 -co TILED=YES ""T.E-08.03.tif"" ""T.E-08.03_georef.tif""",59.02992224978286,0,-0.6531107190176966,-0.6531107190176966,10,"[{""x"":4678.415077202467,""y"":2032.146832179772},{""x"":4088.6378188269487,""y"":2033.4004136151643},{""x"":4679.7350884564175,""y"":1442.5756785453318},{""x"":4679.179724972382,""y"":851.7946645304339},{""x"":3499.0754558695453,""y"":2623.830853790697},{""x"":3497.8463268185997,""y"":3214.5018322717856},{""x"":4089.4435733134396,""y"":261.2631851165616},{""x"":4679.116453861753,""y"":261.4701095803791},{""x"":3498.211691902888,""y"":261.6218393353457},{""x"":2907.8192395692577,""y"":852.1209988442351},{""x"":2908.1456275001246,""y"":262.07791589320203},{""x"":2317.055996171452,""y"":261.8906359752318},{""x"":1726.215058033325,""y"":260.0681931541153},{""x"":1727.0642777620512,""y"":851.5879050261476},{""x"":1136.2914415242676,""y"":262.39256356358607}]","[{""x"":4678.415077202467,""y"":2032.146832179772},{""x"":4088.6378188269487,""y"":2033.4004136151643},{""x"":4679.7350884564175,""y"":1442.5756785453318},{""x"":4679.179724972382,""y"":851.7946645304339},{""x"":3499.0754558695453,""y"":2623.830853790697},{""x"":3497.8463268185997,""y"":3214.5018322717856},{""x"":4089.4435733134396,""y"":261.2631851165616},{""x"":4679.116453861753,""y"":261.4701095803791},{""x"":3498.211691902888,""y"":261.6218393353457},{""x"":2907.8192395692577,""y"":852.1209988442351},{""x"":2908.1456275001246,""y"":262.07791589320203},{""x"":2317.055996171452,""y"":261.8906359752318},{""x"":1726.215058033325,""y"":260.0681931541153},{""x"":1727.0642777620512,""y"":851.5879050261476},{""x"":1136.2914415242676,""y"":262.39256356358607}]",15,TRUE,,1.0.0-crowdsource,2026-01-24T10:50:23.066Z,Europe/Warsaw,"Mozilla/5.0 (Windows NT 10.0; Win64; x64) AppleWebKit/537.36 (KHTML, like Gecko) Chrome/143.0.0.0 Safari/537.36",1536,864,NORMAL,,,
SUB_1769251983286_7882,2026-01-24T10:52:58.033Z,A_1769251835489_5025,734049f9-8523-4a2c-9326-c7a36a47fec7,T.E-08.61,941,caves/001437/image_941_zoom_10.jpg,caves_mono/001437/image_941_zoom_10.tif,caves_mono/001437/image_941_zoom_10.tif,0,FALSE,plan,Luty Izabella,49.239269,19.862222,49.23926944467757,19.862222222222222,5,0,TRUE,"+proj=tmerc +lat_0=0 +lon_0=19 +k=0.9993 +x_0=500000 +y_0=-5300000 +ellps=GRS80 +towgs84=0,0,0,0,0,0,0 +units=m +no_defs","[{""x"":303.1754724295324,""y"":623.5752559950064},{""x"":303.1754724295324,""y"":623.5752559950064},{""x"":303.2265153420523,""y"":240.0744938380282}]","[{""x"":303.1754724295324,""y"":623.5752559950064},{""x"":303.1754724295324,""y"":623.5752559950064},{""x"":303.2265153420523,""y"":240.0744938380282}]",0.013036936664128562,-0.00014860746474387807,-0.00014860746474387807,-0.013036936664128562,562739.4108494899,152783.63878103666,tfw,"0.0130369367
-0.0001486075
-0.0001486075
-0.0130369367
562739.410849
152783.638781","gdal_translate -of GTiff -a_srs EPSG:2180 -co COMPRESS=DEFLATE -co PREDICTOR=2 -co TILED=YES ""T.E-08.61.tif"" ""T.E-08.61_georef.tif""",76.70015311076298,0,-0.6530837725152341,-0.6530837725152341,5,"[{""x"":302.3704736395965,""y"":238.74699504919323},{""x"":302.35870681850906,""y"":623.3137409984339}]","[{""x"":302.3704736395965,""y"":238.74699504919323},{""x"":302.35870681850906,""y"":623.3137409984339}]",2,TRUE,,1.0.0-crowdsource,2026-01-24T10:52:58.033Z,Europe/Warsaw,"Mozilla/5.0 (Windows NT 10.0; Win64; x64) AppleWebKit/537.36 (KHTML, like Gecko) Chrome/143.0.0.0 Safari/537.36",1536,864,NORMAL,,,
SUB_1769252063929_5137,2026-01-24T10:54:18.959Z,A_1769251994468_8225,734049f9-8523-4a2c-9326-c7a36a47fec7,T.E-07.25,823,caves/001322/image_823_zoom_10.jpg,caves_mono/001322/image_823_zoom_10.tif,caves_mono/001322/image_823_zoom_10.tif,0,FALSE,plan,Luty Izabella,49.241569,19.853928,49.24156944433848,19.853927777873146,5,0,TRUE,"+proj=tmerc +lat_0=0 +lon_0=19 +k=0.9993 +x_0=500000 +y_0=-5300000 +ellps=GRS80 +towgs84=0,0,0,0,0,0,0 +units=m +no_defs","[{""x"":560.6777184725651,""y"":196.5506436618516},{""x"":560.2016548766488,""y"":582.2885725011711},{""x"":174.9864051235581,""y"":581.7866443283178}]","[{""x"":560.6777184725651,""y"":196.5506436618516},{""x"":560.2016548766488,""y"":582.2885725011711},{""x"":174.9864051235581,""y"":581.7866443283178}]",0.012978918012646036,-0.00014652791868553718,-0.00014652791868553718,-0.012978918012646036,562129.5948675197,153026.86040697887,tfw,"0.0129789180
-0.0001465279
-0.0001465279
-0.0129789180
562129.594868
153026.860407","gdal_translate -of GTiff -a_srs EPSG:2180 -co COMPRESS=DEFLATE -co PREDICTOR=2 -co TILED=YES ""T.E-07.25.tif"" ""T.E-07.25_georef.tif""",77.04311535088046,0,-0.6468239228447693,-0.6468239228447693,5,"[{""x"":174.96853936750213,""y"":582.2105788772201},{""x"":560.9299988852684,""y"":582.210602366785},{""x"":175.0144042247975,""y"":197.02325612180408}]","[{""x"":174.96853936750213,""y"":582.2105788772201},{""x"":560.9299988852684,""y"":582.210602366785},{""x"":175.0144042247975,""y"":197.02325612180408}]",3,TRUE,,1.0.0-crowdsource,2026-01-24T10:54:18.959Z,Europe/Warsaw,"Mozilla/5.0 (Windows NT 10.0; Win64; x64) AppleWebKit/537.36 (KHTML, like Gecko) Chrome/143.0.0.0 Safari/537.36",1536,864,NORMAL,,,
SUB_1769252127708_7977,2026-01-24T10:55:22.211Z,A_1769252078943_4426,734049f9-8523-4a2c-9326-c7a36a47fec7,T.D-11.02,684,caves/001198/image_684_zoom_10.jpg,caves_mono/001198/image_684_zoom_10.tif,caves_mono/001198/image_684_zoom_10.tif,0,FALSE,plan i przekrój,Luty Izabella,49.246392,19.910883,49.246391666200424,19.910883333418102,5,0,TRUE,"+proj=tmerc +lat_0=0 +lon_0=19 +k=0.9993 +x_0=500000 +y_0=-5300000 +ellps=GRS80 +towgs84=0,0,0,0,0,0,0 +units=m +no_defs","[{""x"":147.85028436891238,""y"":219.48282179655962},{""x"":147.85028436891238,""y"":219.48282179655962},{""x"":147.8981961768139,""y"":604.6648716941887}]","[{""x"":147.85028436891238,""y"":219.48282179655962},{""x"":147.85028436891238,""y"":219.48282179655962},{""x"":147.8981961768139,""y"":604.6648716941887}]",0.012979933461933971,-0.000156325473888925,-0.000156325473888925,-0.012979933461933971,566272.8354406775,153611.45151846766,tfw,"0.0129799335
-0.0001563255
-0.0001563255
-0.0129799335
566272.835441
153611.451518","gdal_translate -of GTiff -a_srs EPSG:2180 -co COMPRESS=DEFLATE -co PREDICTOR=2 -co TILED=YES ""T.D-11.02.tif"" ""T.D-11.02_georef.tif""",77.03641057548852,0,-0.6900156222315607,-0.6900156222315607,5,"[{""x"":147.62987987893734,""y"":604.8504909089351},{""x"":534.1549921407244,""y"":604.538354693965},{""x"":147.38078569834545,""y"":219.64279066238518}]","[{""x"":147.62987987893734,""y"":604.8504909089351},{""x"":534.1549921407244,""y"":604.538354693965},{""x"":147.38078569834545,""y"":219.64279066238518}]",3,TRUE,,1.0.0-crowdsource,2026-01-24T10:55:22.211Z,Europe/Warsaw,"Mozilla/5.0 (Windows NT 10.0; Win64; x64) AppleWebKit/537.36 (KHTML, like Gecko) Chrome/143.0.0.0 Safari/537.36",1536,864,NORMAL,,,
SUB_1769252346938_7303,2026-01-24T10:59:01.221Z,A_1769252234151_3675,734049f9-8523-4a2c-9326-c7a36a47fec7,T.D-08.47,637,caves/001137/image_637_zoom_10.jpg,caves_mono/001137/image_637_zoom_10.tif,caves_mono/001137/image_637_zoom_10.tif,0,FALSE,plan,Luty Izabella,49.250781,19.8669,49.25078055553966,19.866899999992714,10,0,TRUE,"+proj=tmerc +lat_0=0 +lon_0=19 +k=0.9993 +x_0=500000 +y_0=-5300000 +ellps=GRS80 +towgs84=0,0,0,0,0,0,0 +units=m +no_defs","[{""x"":387.55461621330693,""y"":401.3186095391272},{""x"":385.27776433943205,""y"":2364.3842111575054},{""x"":387.0170046798104,""y"":400.1113518920583}]","[{""x"":387.55461621330693,""y"":401.3186095391272},{""x"":385.27776433943205,""y"":2364.3842111575054},{""x"":387.0170046798104,""y"":400.1113518920583}]",0.0050906059817066905,-0.000058352553846180736,-0.000058352553846180736,-0.0050906059817066905,563067.0675572815,154060.8042302051,tfw,"0.0050906060
-0.0000583526
-0.0000583526
-0.0050906060
563067.067557
154060.804230","gdal_translate -of GTiff -a_srs EPSG:2180 -co COMPRESS=DEFLATE -co PREDICTOR=2 -co TILED=YES ""T.D-08.47.tif"" ""T.D-08.47_georef.tif""",196.427362925938,0,-0.6567407983889041,-0.6567407983889041,5,"[{""x"":386.43765527976336,""y"":400.5930044681014},{""x"":384.0422268784628,""y"":1383.42459320811},{""x"":1362.1024214922036,""y"":404.39071964480684},{""x"":1362.13199104722,""y"":1383.184315397061},{""x"":1362.3420168267628,""y"":2364.846859772497},{""x"":385.23426275843013,""y"":2364.4377518672413}]","[{""x"":386.43765527976336,""y"":400.5930044681014},{""x"":384.0422268784628,""y"":1383.42459320811},{""x"":1362.1024214922036,""y"":404.39071964480684},{""x"":1362.13199104722,""y"":1383.184315397061},{""x"":1362.3420168267628,""y"":2364.846859772497},{""x"":385.23426275843013,""y"":2364.4377518672413}]",6,TRUE,,1.0.0-crowdsource,2026-01-24T10:59:01.222Z,Europe/Warsaw,"Mozilla/5.0 (Windows NT 10.0; Win64; x64) AppleWebKit/537.36 (KHTML, like Gecko) Chrome/143.0.0.0 Safari/537.36",1536,864,NORMAL,,,
SUB_1769252453422_1243,2026-01-24T11:00:48.177Z,A_1769252382106_4311,734049f9-8523-4a2c-9326-c7a36a47fec7,T.E-11.46,1031,caves/001509/image_1031_zoom_10.jpg,caves_mono/001509/image_1031_zoom_10.tif,caves_mono/001509/image_1031_zoom_10.tif,0,FALSE,plan i przekrój,Kardaś Rafał M.,49.240628,19.900231,49.240627777841354,19.90023055555092,10,0,TRUE,"+proj=tmerc +lat_0=0 +lon_0=19 +k=0.9993 +x_0=500000 +y_0=-5300000 +ellps=GRS80 +towgs84=0,0,0,0,0,0,0 +units=m +no_defs","[{""x"":1330.0261149668022,""y"":582.0956318904146},{""x"":345.93153980098805,""y"":581.6461435905422},{""x"":346.9311060491034,""y"":1564.8181332119245}]","[{""x"":1330.0261149668022,""y"":582.0956318904146},{""x"":345.93153980098805,""y"":581.6461435905422},{""x"":346.9311060491034,""y"":1564.8181332119245}]",0.010170434833156059,-0.00012104588497362554,-0.00012104588497362554,-0.010170434833156059,565493.871407415,152964.801125918,tfw,"0.0101704348
-0.0001210459
-0.0001210459
-0.0101704348
565493.871407
152964.801126","gdal_translate -of GTiff -a_srs EPSG:2180 -co COMPRESS=DEFLATE -co PREDICTOR=2 -co TILED=YES ""T.E-11.46.tif"" ""T.E-11.46_georef.tif""",98.31724977381903,0,-0.6818873536215976,-0.6818873536215976,10,"[{""x"":346.9311060491034,""y"":1564.8181332119245},{""x"":345.70203810292776,""y"":582.4066673425823},{""x"":1328.680730871321,""y"":1565.0794264805274}]","[{""x"":346.9311060491034,""y"":1564.8181332119245},{""x"":345.70203810292776,""y"":582.4066673425823},{""x"":1328.680730871321,""y"":1565.0794264805274}]",3,TRUE,,1.0.0-crowdsource,2026-01-24T11:00:48.177Z,Europe/Warsaw,"Mozilla/5.0 (Windows NT 10.0; Win64; x64) AppleWebKit/537.36 (KHTML, like Gecko) Chrome/143.0.0.0 Safari/537.36",1536,864,NORMAL,,,
SUB_1769252648945_9235,2026-01-24T11:04:03.221Z,A_1769252561750_2357,734049f9-8523-4a2c-9326-c7a36a47fec7,T.A-12.02,444,caves/000952/image_444_zoom_10.jpg,caves_mono/000952/image_444_zoom_10.tif,caves_mono/000952/image_444_zoom_10.tif,0,FALSE,plan,Luty Izabella,49.274222,19.914528,49.27422222243415,19.914527777565848,1,0,TRUE,"+proj=tmerc +lat_0=0 +lon_0=19 +k=0.9993 +x_0=500000 +y_0=-5300000 +ellps=GRS80 +towgs84=0,0,0,0,0,0,0 +units=m +no_defs","[{""x"":270.3039087147152,""y"":262.54679664183453},{""x"":346.62105569301116,""y"":441.78285211598694},{""x"":423.66531641622913,""y"":441.78285211598694}]","[{""x"":270.3039087147152,""y"":262.54679664183453},{""x"":346.62105569301116,""y"":441.78285211598694},{""x"":423.66531641622913,""y"":441.78285211598694}]",0.012978602576226237,-0.00015700067361051898,-0.00015700067361051898,-0.012978602576226237,566499.0478768838,156708.11275025914,tfw,"0.0129786026
-0.0001570007
-0.0001570007
-0.0129786026
566499.047877
156708.112750","gdal_translate -of GTiff -a_srs EPSG:2180 -co COMPRESS=DEFLATE -co PREDICTOR=2 -co TILED=YES ""T.A-12.02.tif"" ""T.A-12.02_georef.tif""",77.04426072321797,0,-0.6930666981301407,-0.6930666981301407,0,[],[],0,FALSE,Brak siatki na planie,1.0.0-crowdsource,2026-01-24T11:04:03.221Z,Europe/Warsaw,"Mozilla/5.0 (Windows NT 10.0; Win64; x64) AppleWebKit/537.36 (KHTML, like Gecko) Chrome/143.0.0.0 Safari/537.36",1536,864,NORMAL,,,
SUB_1769252706672_3069,2026-01-24T11:05:00.900Z,A_1769252658285_3165,734049f9-8523-4a2c-9326-c7a36a47fec7,T.A-24.02,449,caves/000957/image_449_zoom_10.jpg,caves_mono/000957/image_449_zoom_10.tif,caves_mono/000957/image_449_zoom_10.tif,0,FALSE,plan,Recielski Krzysztof,49.282083,20.074139,49.28208333333333,20.074138888782926,5,0,TRUE,"+proj=tmerc +lat_0=0 +lon_0=19 +k=0.9993 +x_0=500000 +y_0=-5300000 +ellps=GRS80 +towgs84=0,0,0,0,0,0,0 +units=m +no_defs","[{""x"":281.9505327640093,""y"":165.97474961151195},{""x"":281.9505327640093,""y"":165.97474961151195},{""x"":666.1844353096163,""y"":166.95946057716412}]","[{""x"":281.9505327640093,""y"":165.97474961151195},{""x"":281.9505327640093,""y"":165.97474961151195},{""x"":666.1844353096163,""y"":166.95946057716412}]",0.013011550541674355,-0.00018489512089541675,-0.00018489512089541675,-0.013011550541674355,578092.8466165825,157733.16308014744,tfw,"0.0130115505
-0.0001848951
-0.0001848951
-0.0130115505
578092.846617
157733.163080","gdal_translate -of GTiff -a_srs EPSG:2180 -co COMPRESS=DEFLATE -co PREDICTOR=2 -co TILED=YES ""T.A-24.02.tif"" ""T.A-24.02_georef.tif""",76.84703286949026,0,-0.8141225815408205,-0.8141225815408205,5,"[{""x"":666.1844353096163,""y"":166.95946057716412},{""x"":666.2748604705569,""y"":551.2383447910556},{""x"":282.0665327814291,""y"":165.46727212172203}]","[{""x"":666.1844353096163,""y"":166.95946057716412},{""x"":666.2748604705569,""y"":551.2383447910556},{""x"":282.0665327814291,""y"":165.46727212172203}]",3,TRUE,,1.0.0-crowdsource,2026-01-24T11:05:00.900Z,Europe/Warsaw,"Mozilla/5.0 (Windows NT 10.0; Win64; x64) AppleWebKit/537.36 (KHTML, like Gecko) Chrome/143.0.0.0 Safari/537.36",1536,864,NORMAL,,,
SUB_1769252776184_9966,2026-01-24T11:06:10.783Z,A_1769252730323_9251,734049f9-8523-4a2c-9326-c7a36a47fec7,T.E-11.58,1048,caves/001531/image_1048_zoom_10.jpg,caves_mono/001531/image_1048_zoom_10.tif,caves_mono/001531/image_1048_zoom_10.tif,0,FALSE,plan i przekrój,Luty Izabella,49.240367,19.910672,49.2403666665819,19.910672221713593,1,0,TRUE,"+proj=tmerc +lat_0=0 +lon_0=19 +k=0.9993 +x_0=500000 +y_0=-5300000 +ellps=GRS80 +towgs84=0,0,0,0,0,0,0 +units=m +no_defs","[{""x"":214.42474650882934,""y"":386.63070510361683},{""x"":66.92093807499343,""y"":452.607411924183},{""x"":143.65426372553392,""y"":452.85654610792096}]","[{""x"":214.42474650882934,""y"":386.63070510361683},{""x"":66.92093807499343,""y"":452.607411924183},{""x"":143.65426372553392,""y"":452.85654610792096}]",0.013031134143961665,-0.00015689153666607327,-0.00015689153666607327,-0.013031134143961665,566264.6970664972,152943.88089930912,tfw,"0.0130311341
-0.0001568915
-0.0001568915
-0.0130311341
566264.697066
152943.880899","gdal_translate -of GTiff -a_srs EPSG:2180 -co COMPRESS=DEFLATE -co PREDICTOR=2 -co TILED=YES ""T.E-11.58.tif"" ""T.E-11.58_georef.tif""",76.73373008810012,0,-0.6897932662718633,-0.6897932662718633,0,[],[],0,FALSE,Brak siatki na planie,1.0.0-crowdsource,2026-01-24T11:06:10.783Z,Europe/Warsaw,"Mozilla/5.0 (Windows NT 10.0; Win64; x64) AppleWebKit/537.36 (KHTML, like Gecko) Chrome/143.0.0.0 Safari/537.36",1536,864,NORMAL,,,
SUB_1769252868983_1374,2026-01-24T11:07:43.503Z,A_1769252783027_2651,734049f9-8523-4a2c-9326-c7a36a47fec7,T.D-18.04,762,caves/001276/image_762_zoom_10.jpg,caves_mono/001276/image_762_zoom_10.tif,caves_mono/001276/image_762_zoom_10.tif,0,FALSE,plan,Luty Izabella,49.251058,19.996278,49.25105833331744,19.996277777353924,1,0,TRUE,"+proj=tmerc +lat_0=0 +lon_0=19 +k=0.9993 +x_0=500000 +y_0=-5300000 +ellps=GRS80 +towgs84=0,0,0,0,0,0,0 +units=m +no_defs","[{""x"":416.88957487683047,""y"":163.91845739586864},{""x"":26.567960726099255,""y"":342.64162748949246},{""x"":104.76711004913044,""y"":343.27226576825575}]","[{""x"":416.88957487683047,""y"":163.91845739586864},{""x"":26.567960726099255,""y"":342.64162748949246},{""x"":104.76711004913044,""y"":343.27226576825575}]",0.012786337602621097,-0.00016844417588076185,-0.00016844417588076185,-0.012786337602621097,572475.7327151431,154207.63793341315,tfw,"0.0127863376
-0.0001684442
-0.0001684442
-0.0127863376
572475.732715
154207.637933","gdal_translate -of GTiff -a_srs EPSG:2180 -co COMPRESS=DEFLATE -co PREDICTOR=2 -co TILED=YES ""T.D-18.04.tif"" ""T.D-18.04_georef.tif""",78.20169217788302,0,-0.7547573361097405,-0.7547573361097405,0,[],[],0,FALSE,,1.0.0-crowdsource,2026-01-24T11:07:43.503Z,Europe/Warsaw,"Mozilla/5.0 (Windows NT 10.0; Win64; x64) AppleWebKit/537.36 (KHTML, like Gecko) Chrome/143.0.0.0 Safari/537.36",1536,864,NORMAL,,,
SUB_1769252919739_4519,2026-01-24T11:08:34.200Z,A_1769252875124_8881,734049f9-8523-4a2c-9326-c7a36a47fec7,T.E-12.31,1081,caves/001566/image_1081_zoom_10.jpg,caves_mono/001566/image_1081_zoom_10.tif,caves_mono/001566/image_1081_zoom_10.tif,0,FALSE,plan i przekrój,Luty Izabella,49.244936,19.918608,49.24493611123827,19.918608333269756,10,0,TRUE,"+proj=tmerc +lat_0=0 +lon_0=19 +k=0.9993 +x_0=500000 +y_0=-5300000 +ellps=GRS80 +towgs84=0,0,0,0,0,0,0 +units=m +no_defs","[{""x"":188.48976878340068,""y"":358.97074702632364},{""x"":188.48976878340068,""y"":358.97074702632364},{""x"":574.6218321646032,""y"":358.248115150867}]","[{""x"":188.48976878340068,""y"":358.97074702632364},{""x"":188.48976878340068,""y"":358.97074702632364},{""x"":574.6218321646032,""y"":358.248115150867}]",0.025895919951376693,-0.00031451915767261073,-0.00031451915767261073,-0.025895919951376693,566833.9718016749,153462.92091539843,tfw,"0.0258959200
-0.0003145192
-0.0003145192
-0.0258959200
566833.971802
153462.920915","gdal_translate -of GTiff -a_srs EPSG:2180 -co COMPRESS=DEFLATE -co PREDICTOR=2 -co TILED=YES ""T.E-12.31.tif"" ""T.E-12.31_georef.tif""",38.61327395700246,0,-0.6958522550457161,-0.6958522550457161,10,"[{""x"":574.0909808439828,""y"":357.8855642599332},{""x"":187.88039894473158,""y"":359.73651992912045}]","[{""x"":574.0909808439828,""y"":357.8855642599332},{""x"":187.88039894473158,""y"":359.73651992912045}]",2,TRUE,,1.0.0-crowdsource,2026-01-24T11:08:34.201Z,Europe/Warsaw,"Mozilla/5.0 (Windows NT 10.0; Win64; x64) AppleWebKit/537.36 (KHTML, like Gecko) Chrome/143.0.0.0 Safari/537.36",1536,864,NORMAL,,,
SUB_1769252990394_2637,2026-01-24T11:09:44.635Z,A_1769252947024_7629,734049f9-8523-4a2c-9326-c7a36a47fec7,T.F-09.42,12247,caves/004491/image_12247_zoom_10.jpg,caves_mono/004491/image_12247_zoom_10.tif,caves_mono/004491/image_12247_zoom_10.tif,0,FALSE,plan,Nowak Jakub,49.233881,19.883431,49.2338805555635,19.8834305555539,2,0,TRUE,"+proj=tmerc +lat_0=0 +lon_0=19 +k=0.9993 +x_0=500000 +y_0=-5300000 +ellps=GRS80 +towgs84=0,0,0,0,0,0,0 +units=m +no_defs","[{""x"":1480.8004679474163,""y"":1585.2278975498327},{""x"":158.91350518551315,""y"":2362.1180501869885},{""x"":629.9237634588724,""y"":2362.1180501869885}]","[{""x"":1480.8004679474163,""y"":1585.2278975498327},{""x"":158.91350518551315,""y"":2362.1180501869885},{""x"":629.9237634588724,""y"":2362.1180501869885}]",0.0042459024897575194,-0.00004958546006077281,-0.00004958546006077281,-0.0042459024897575194,564287.4013080868,152201.2849899772,tfw,"0.0042459025
-0.0000495855
-0.0000495855
-0.0042459025
564287.401308
152201.284990","gdal_translate -of GTiff -a_srs EPSG:2180 -co COMPRESS=DEFLATE -co PREDICTOR=2 -co TILED=YES ""T.F-09.42.tif"" ""T.F-09.42_georef.tif""",235.5051291366796,0,-0.6690941313898776,-0.6690941313898776,0,[],[],0,FALSE,Brak siatki na planie,1.0.0-crowdsource,2026-01-24T11:09:44.635Z,Europe/Warsaw,"Mozilla/5.0 (Windows NT 10.0; Win64; x64) AppleWebKit/537.36 (KHTML, like Gecko) Chrome/143.0.0.0 Safari/537.36",1536,864,NORMAL,,,
SUB_1769253052234_3827,2026-01-24T11:10:46.729Z,A_1769252999276_7156,734049f9-8523-4a2c-9326-c7a36a47fec7,T.E-11.23,2954,caves/001504/image_2954_zoom_10.jpg,caves_mono/001504/image_2954_zoom_10.tif,caves_mono/001504/image_2954_zoom_10.tif,0,FALSE,plan i przekrój,Kardaś Rafał M.,49.241294,19.899392,49.24129444440206,19.899391667048135,5,0,TRUE,"+proj=tmerc +lat_0=0 +lon_0=19 +k=0.9993 +x_0=500000 +y_0=-5300000 +ellps=GRS80 +towgs84=0,0,0,0,0,0,0 +units=m +no_defs","[{""x"":1608.3832780031114,""y"":567.5669312499892},{""x"":630.3275490172102,""y"":561.2271689925569},{""x"":624.3872811131877,""y"":1543.312491700456}]","[{""x"":1608.3832780031114,""y"":567.5669312499892},{""x"":630.3275490172102,""y"":561.2271689925569},{""x"":624.3872811131877,""y"":1543.312491700456}]",0.005090754326803273,-0.000060532974797399195,-0.000060532974797399195,-0.005090754326803273,565437.2432517126,153034.9959803715,tfw,"0.0050907543
-0.0000605330
-0.0000605330
-0.0050907543
565437.243252
153034.995980","gdal_translate -of GTiff -a_srs EPSG:2180 -co COMPRESS=DEFLATE -co PREDICTOR=2 -co TILED=YES ""T.E-11.23.tif"" ""T.E-11.23_georef.tif""",196.42065755526323,0,-0.6812586716756266,-0.6812586716756266,5,"[{""x"":624.3872811131877,""y"":1543.312491700456},{""x"":1606.5569782769192,""y"":1541.9746115262587},{""x"":629.8122471017709,""y"":562.7020810079551}]","[{""x"":624.3872811131877,""y"":1543.312491700456},{""x"":1606.5569782769192,""y"":1541.9746115262587},{""x"":629.8122471017709,""y"":562.7020810079551}]",3,TRUE,,1.0.0-crowdsource,2026-01-24T11:10:46.729Z,Europe/Warsaw,"Mozilla/5.0 (Windows NT 10.0; Win64; x64) AppleWebKit/537.36 (KHTML, like Gecko) Chrome/143.0.0.0 Safari/537.36",1536,864,NORMAL,,,
SUB_1769328964332_2060,2026-01-25T08:16:02.345Z,A_1769328848868_6639,a7375c3f-ddc3-4a26-9ca4-957f21592ac9,T.E-11.05,977,caves/001472/image_977_zoom_10.jpg,caves_mono/001472/image_977_zoom_10.tif,caves_mono/001472/image_977_zoom_10.tif,0,FALSE,plan i przekrój,Pryjma Tomasz K.,49.239694,19.899111,49.23969444433848,19.899111110899184,4,0,TRUE,"+proj=tmerc +lat_0=0 +lon_0=19 +k=0.9993 +x_0=500000 +y_0=-5300000 +ellps=GRS80 +towgs84=0,0,0,0,0,0,0 +units=m +no_defs","[{""x"":1764.175392034632,""y"":414.4196926531584},{""x"":544.506376552609,""y"":2155.4419558466107},{""x"":694.870951870554,""y"":2155.874037942209}]","[{""x"":2302.836945069206,""y"":540.9558388099227},{""x"":710.7623235266723,""y"":2813.5702330317754},{""x"":907.0382158416965,""y"":2814.1342441938964}]",0.02037795308894044,-0.00024222795335614072,-0.00024222795335614072,-0.02037795308894044,565380.267384364,152865.53229049215,tfw,"0.0203779531
-0.0002422280
-0.0002422280
-0.0203779531
565380.267384
152865.532290","gdal_translate -of GTiff -a_srs EPSG:2180 -co COMPRESS=DEFLATE -co PREDICTOR=2 -co TILED=YES ""T.E-11.05.tif"" ""T.E-11.05_georef.tif""",49.06917566854596,0,-0.6810294311963159,-0.6810294311963159,20,"[{""x"":262.7027618384095,""y"":413.3116565887108},{""x"":1014.6393243893492,""y"":414.3889296256134},{""x"":1763.3441007793003,""y"":414.3889296256134},{""x"":1764.421373791551,""y"":1164.1709797477404},{""x"":1014.3587610315211,""y"":1165.6186094770217},{""x"":263.5003288322054,""y"":1915.5554113443907},{""x"":1012.9228875979114,""y"":1915.5554113443907},{""x"":1764.8721576204136,""y"":1915.5554113443907}]","[{""x"":342.91467178640386,""y"":539.5094824004638},{""x"":1324.4425314362304,""y"":540.915682804634},{""x"":2301.7518328839133,""y"":540.915682804634},{""x"":2303.1580332559047,""y"":1519.6311855640504},{""x"":1324.0763027331454,""y"":1521.5208249040056},{""x"":343.9557625689721,""y"":2500.438330274878},{""x"":1322.202009277807,""y"":2500.438330274878},{""x"":2303.7464564138463,""y"":2500.438330274878}]",8,TRUE,,1.0.0-crowdsource,2026-01-25T08:16:02.345Z,Europe/Warsaw,"Mozilla/5.0 (Macintosh; Intel Mac OS X 10_15_7) AppleWebKit/537.36 (KHTML, like Gecko) Chrome/144.0.0.0 Safari/537.36",1512,982,NORMAL,,,
SUB_1769349296718_4244,2026-01-25T13:54:54.719Z,A_1769349259804_3876,3ea9e2b6-0cdf-4192-ac17-e8aaedeb5d83,T.E-12.44,1096,caves/001583/image_1096_zoom_10.jpg,caves_mono/001583/image_1096_zoom_10.tif,caves_mono/001583/image_1096_zoom_10.tif,0,FALSE,plan,Luty Izabella,49.241978,19.923831,49.2419777780109,19.92383055580987,1,0,TRUE,"+proj=tmerc +lat_0=0 +lon_0=19 +k=0.9993 +x_0=500000 +y_0=-5300000 +ellps=GRS80 +towgs84=0,0,0,0,0,0,0 +units=m +no_defs","[{""x"":468,""y"":235.5},{""x"":51,""y"":353.5},{""x"":128,""y"":353.5}]","[{""x"":468,""y"":235.5},{""x"":51,""y"":353.5},{""x"":128,""y"":353.5}]",0.01298604437765159,-0.00015861193683825334,-0.00015861193683825334,-0.01298604437765159,567216.7406692675,153132.59128235423,tfw,"0.0129860444
-0.0001586119
-0.0001586119
-0.0129860444
567216.740669
153132.591282","gdal_translate -of GTiff -a_srs EPSG:2180 -co COMPRESS=DEFLATE -co PREDICTOR=2 -co TILED=YES ""T.E-12.44.tif"" ""T.E-12.44_georef.tif""",77,0,-0.6997775784529315,-0.6997775784529315,0,[],[],0,FALSE,Brak siatki na planie,1.0.0-crowdsource,2026-01-25T13:54:54.719Z,Europe/Warsaw,"Mozilla/5.0 (Macintosh; Intel Mac OS X 10_15_7) AppleWebKit/537.36 (KHTML, like Gecko) Chrome/144.0.0.0 Safari/537.36",1512,982,NORMAL,,,
SUB_1769371315474_8953,2026-01-25T20:01:53.856Z,A_1769371262088_6574,a7375c3f-ddc3-4a26-9ca4-957f21592ac9,T.E-12.22,1072,caves/001557/image_1072_zoom_10.jpg,caves_mono/001557/image_1072_zoom_10.tif,caves_mono/001557/image_1072_zoom_10.tif,0,FALSE,plan i przekrój,Luty Izabella,49.244369,19.919428,49.244369444317286,19.91942777766122,1,0,TRUE,"+proj=tmerc +lat_0=0 +lon_0=19 +k=0.9993 +x_0=500000 +y_0=-5300000 +ellps=GRS80 +towgs84=0,0,0,0,0,0,0 +units=m +no_defs","[{""x"":84.13960138128347,""y"":282.4686002262569},{""x"":735.1486565398528,""y"":729.3170479586558},{""x"":812.6613501465873,""y"":730.925195141633}]","[{""x"":84.13960138128347,""y"":282.4686002262569},{""x"":735.1486565398528,""y"":729.3170479586558},{""x"":812.6613501465873,""y"":730.925195141633}]",0.012897384197818431,-0.0001567838169210593,-0.0001567838169210593,-0.012897384197818431,566898.1283406503,153394.9337636799,tfw,"0.0128973842
-0.0001567838
-0.0001567838
-0.0128973842
566898.128341
153394.933764","gdal_translate -of GTiff -a_srs EPSG:2180 -co COMPRESS=DEFLATE -co PREDICTOR=2 -co TILED=YES ""T.E-12.22.tif"" ""T.E-12.22_georef.tif""",77.52937383684727,0,-0.6964674711299567,-0.6964674711299567,0,[],[],0,FALSE,Brak siatki na planie,1.0.0-crowdsource,2026-01-25T20:01:53.856Z,Europe/Warsaw,"Mozilla/5.0 (Macintosh; Intel Mac OS X 10_15_7) AppleWebKit/537.36 (KHTML, like Gecko) Chrome/144.0.0.0 Safari/537.36",1512,982,NORMAL,,,
SUB_1769371412121_4122,2026-01-25T20:03:29.990Z,A_1769371323922_4826,a7375c3f-ddc3-4a26-9ca4-957f21592ac9,T.E-08.70,12251,caves/004328/image_12251_zoom_10.jpg,caves_mono/004328/image_12251_zoom_10.tif,caves_mono/004328/image_12251_zoom_10.tif,0,FALSE,plan,Nowak Jakub,49.236431,19.865281,49.236430555449594,19.865280555089317,2,0,TRUE,"+proj=tmerc +lat_0=0 +lon_0=19 +k=0.9993 +x_0=500000 +y_0=-5300000 +ellps=GRS80 +towgs84=0,0,0,0,0,0,0 +units=m +no_defs","[{""x"":5230.303611549468,""y"":999.4947069152289},{""x"":2136.2069207404757,""y"":2005.2172010901145},{""x"":2513.319233710025,""y"":2007.012973999819}]","[{""x"":6546.596687122751,""y"":1251.0342081555616},{""x"":2673.8189957934956,""y"":2509.8635300311266},{""x"":3145.837907527048,""y"":2512.1112391231068}]",0.00423679314651921,-0.0000484643047066883,-0.0000484643047066883,-0.00423679314651921,562941.8014885841,152468.22373314417,tfw,"0.0042367931
-0.0000484643
-0.0000484643
-0.0042367931
562941.801489
152468.223733","gdal_translate -of GTiff -a_srs EPSG:2180 -co COMPRESS=DEFLATE -co PREDICTOR=2 -co TILED=YES ""T.E-08.70.tif"" ""T.E-08.70_georef.tif""",236.0121316957507,0,-0.6553728059500439,-0.6553728059500439,10,"[{""x"":1457.4091719992036,""y"":1002.1881460887923},{""x"":1455.4606149350682,""y"":2899.4121168613738},{""x"":3342.9995738748657,""y"":2902.396278960852},{""x"":5229.635429922594,""y"":2905.6448086489886},{""x"":5229.51469030942,""y"":1000.4116273601098},{""x"":3347.4257875567364,""y"":1004.3942715134469}]","[{""x"":1824.19048028567,""y"":1254.405496187805},{""x"":1821.7515363603939,""y"":3629.09749960482},{""x"":4184.321133300041,""y"":3632.832675832667},{""x"":6545.760346453114,""y"":3636.8987521589843},{""x"":6545.609220703958,""y"":1252.1818869124043},{""x"":4189.861277425182,""y"":1257.1668298443312}]",6,TRUE,,1.0.0-crowdsource,2026-01-25T20:03:29.991Z,Europe/Warsaw,"Mozilla/5.0 (Macintosh; Intel Mac OS X 10_15_7) AppleWebKit/537.36 (KHTML, like Gecko) Chrome/144.0.0.0 Safari/537.36",1512,982,NORMAL,,,
SUB_1769371655928_5489,2026-01-25T20:07:34.226Z,A_1769371421774_8078,a7375c3f-ddc3-4a26-9ca4-957f21592ac9,T.E-12.08,1052,caves/001538/image_1052_zoom_10.jpg,caves_mono/001538/image_1052_zoom_10.tif,caves_mono/001538/image_1052_zoom_10.tif,0,FALSE,plan,"Parczewski Michał, Filar Filip",49.241489,19.922708,49.24148888905843,19.922708333333336,100,0,TRUE,"+proj=tmerc +lat_0=0 +lon_0=19 +k=0.9993 +x_0=500000 +y_0=-5300000 +ellps=GRS80 +towgs84=0,0,0,0,0,0,0 +units=m +no_defs","[{""x"":2565.6986183006734,""y"":1013.6179869684951},{""x"":202.33232867248353,""y"":2216.042391724777},{""x"":796.3791312875007,""y"":2216.3844860683985}]","[{""x"":6835.876352025761,""y"":2700.6161899463937},{""x"":539.0807676930536,""y"":5904.2756123520485},{""x"":2121.8194654603312,""y"":5905.187065714903}]",0.06317691195616032,-0.0007707009370634207,-0.0007707009370634207,-0.06317691195616032,566711.9412522858,153250.00160379635,tfw,"0.0631769120
-0.0007707009
-0.0007707009
-0.0631769120
566711.941252
153250.001604","gdal_translate -of GTiff -a_srs EPSG:2180 -co COMPRESS=DEFLATE -co PREDICTOR=2 -co TILED=YES ""T.E-12.08.tif"" ""T.E-12.08_georef.tif""",15.827389602070491,0,-0.698921794275111,-0.698921794275111,25,"[{""x"":201.5606885583121,""y"":718.2918762875422},{""x"":201.47194314628766,""y"":1161.2239987226435},{""x"":4929.858677126834,""y"":718.0782408367643},{""x"":4929.976508197429,""y"":865.6027390968164},{""x"":5816.7096016815785,""y"":1013.2859779881903},{""x"":5816.593185246584,""y"":1456.6298313772377},{""x"":5373.438004843786,""y"":1751.9607560468764},{""x"":5077.8868707423135,""y"":2638.515050465845}]","[{""x"":537.0248612155295,""y"":1913.7689890554416},{""x"":536.7884138560925,""y"":3093.8878072633634},{""x"":13134.786802091594,""y"":1913.1997930027524},{""x"":13135.100743340685,""y"":2306.2542312002847},{""x"":15497.653282080286,""y"":2699.731607353202},{""x"":15497.343109891981,""y"":3880.947414066087},{""x"":14316.629990905461,""y"":4667.807441027561},{""x"":13529.183252614437,""y"":7029.883599457833}]",8,TRUE,,1.0.0-crowdsource,2026-01-25T20:07:34.226Z,Europe/Warsaw,"Mozilla/5.0 (Macintosh; Intel Mac OS X 10_15_7) AppleWebKit/537.36 (KHTML, like Gecko) Chrome/144.0.0.0 Safari/537.36",1512,982,NORMAL,,,